Time (UTCG),Lat (deg),Lon (deg),Alt (km),Interpolated_Data
Jan 01 2015 00:48:03.000000000,-46.1144761,65.0079699,449.5600021000001,
Jan 01 2015 00:48:04.000000000,-46.04651751,65.0111622,448.5958607,72669.810188826
Jan 01 2015 00:48:05.000000000,-45.9785386,65.0143386,447.6327932,73048.80193522228
Jan 01 2015 00:48:06.000000000,-45.91053938,65.01749909999998,446.67080139999996,73428.03404694177
Jan 01 2015 00:48:07.000000000,-45.84251986,65.0206437,445.70988700000004,73807.50295526732
Jan 01 2015 00:48:08.000000000,-45.77448007,65.0237725,444.75005189999996,74187.20502184992
Jan 01 2015 00:48:09.000000000,-45.70642001,65.02688569999998,443.7912977,74567.13673396212
Jan 01 2015 00:48:10.000000000,-45.63833969,65.0299832,442.8336262,74947.29457508092
Jan 01 2015 00:48:11.000000000,-45.57023914,65.03306510000002,441.87703930000004,75327.67497604778
Jan 01 2015 00:48:12.000000000,-45.50211836,65.03613149999998,440.9215385,75708.2745487155
Jan 01 2015 00:48:13.000000000,-45.43397738,65.03918250000001,439.9671258,76089.08972841872
Jan 01 2015 00:48:14.000000000,-45.3658162,65.04221809999999,439.01380290000003,76470.11711912267
Jan 01 2015 00:48:15.000000000,-45.29763484,65.04523840000002,438.06157149999996,77028.73054956278
Jan 01 2015 00:48:16.000000000,-45.22943332,65.04824339999999,437.11043330000007,77257.90391733898
Jan 01 2015 00:48:17.000000000,-45.16121164,65.0512333,436.1603902,77654.34514152612
Jan 01 2015 00:48:18.000000000,-45.09296983,65.05420809999998,435.21144389999995,78051.11040517082
Jan 01 2015 00:48:19.000000000,-45.02470791,65.0571679,434.26359610000003,78448.19582038434
Jan 01 2015 00:48:20.000000000,-44.95642587,65.06011260000002,433.3168487,78845.59752542344
Jan 01 2015 00:48:21.000000000,-44.88812375,65.0630425,432.3712033,79243.31164527532
Jan 01 2015 00:48:22.000000000,-44.81980155,65.06595750000002,431.42666169999995,79641.33440545066
Jan 01 2015 00:48:23.000000000,-44.7514593,65.06885780000002,430.4832256,80039.66197274749
Jan 01 2015 00:48:24.000000000,-44.68309699,65.07174330000001,429.54089689999995,80438.29059320479
Jan 01 2015 00:48:25.000000000,-44.61471466,65.07461420000001,428.5996773,80837.21647403538
Jan 01 2015 00:48:26.000000000,-44.54631232,65.0774705,427.6595685,81236.43594103046
Jan 01 2015 00:48:27.000000000,-44.47788997,65.08031220000001,426.7205722,81635.94535271543
Jan 01 2015 00:48:28.000000000,-44.40944764,65.08313950000002,425.7826903,82035.74090271174
Jan 01 2015 00:48:29.000000000,-44.34098535,65.08595240000002,424.8459245,82591.50717153682
Jan 01 2015 00:48:30.000000000,-44.2725031,65.08875090000001,423.91027639999993,82850.35146865272
Jan 01 2015 00:48:31.000000000,-44.20400091,65.09153519999998,422.97574800000007,83262.2077714763
Jan 01 2015 00:48:32.000000000,-44.13547881,65.09430530000003,422.0423409,83674.48784518974
Jan 01 2015 00:48:33.000000000,-44.06693679999999,65.09706119999998,421.1100568,84087.18760091526
Jan 01 2015 00:48:34.000000000,-43.99837489,65.09980290000001,420.17889759999997,84500.30289404735
Jan 01 2015 00:48:35.000000000,-43.92979312,65.10253070000002,419.2488649,84913.82952233677
Jan 01 2015 00:48:36.000000000,-43.86119149,65.10524449999997,418.3199606,85327.76345432733
Jan 01 2015 00:48:37.000000000,-43.79257001,65.10794440000001,417.3921863,85742.10067602739
Jan 01 2015 00:48:38.000000000,-43.72392871,65.11063039999999,416.46554380000003,85915.66900073942
Jan 01 2015 00:48:39.000000000,-43.65526759,65.1133026,415.54003489999997,86313.29113612129
Jan 01 2015 00:48:40.000000000,-43.58658669,65.115961,414.6156612,86720.23646810712
Jan 01 2015 00:48:41.000000000,-43.517886,65.11860580000001,413.69242460000004,87127.75855910558
Jan 01 2015 00:48:42.000000000,-43.44916556,65.12123700000001,412.7703267,87535.85464106375
Jan 01 2015 00:48:43.000000000,-43.38042536,65.12385460000002,411.84936939999994,87944.52184650612
Jan 01 2015 00:48:44.000000000,-43.31166544,65.12645869999997,410.9295543,88492.96648539699
Jan 01 2015 00:48:45.000000000,-43.24288581,65.12904939999999,410.0108833,88772.89492251453
Jan 01 2015 00:48:46.000000000,-43.17408648,65.13162659999998,409.0933579,89190.22882470072
Jan 01 2015 00:48:47.000000000,-43.10526746,65.13419049999999,408.17698010000004,89608.36791563554
Jan 01 2015 00:48:48.000000000,-43.03642879,65.13674119999999,407.2617514,90027.3089517127
Jan 01 2015 00:48:49.000000000,-42.96757047,65.13927859999998,406.3476737,90447.04871543142
Jan 01 2015 00:48:50.000000000,-42.89869251,65.1418028,405.4347487,90867.58390163798
Jan 01 2015 00:48:51.000000000,-42.82979495,65.14431400000001,404.52297810000005,91288.91109890387
Jan 01 2015 00:48:52.000000000,-42.76087778,65.14681200000001,403.6123637,91711.0272501673
Jan 01 2015 00:48:53.000000000,-42.69194104,65.14929709999998,402.70290719999997,92133.92885394683
Jan 01 2015 00:48:54.000000000,-42.62298473,65.15176919999999,401.7946103,92557.61280943999
Jan 01 2015 00:48:55.000000000,-42.55400888,65.15422850000002,400.8874748,92982.07567000097
Jan 01 2015 00:48:56.000000000,-42.4850135,65.15667489999998,399.9815023,93407.31438623783
Jan 01 2015 00:48:57.000000000,-42.4159986,65.1591085,399.07669469999996,93833.32558357368
Jan 01 2015 00:48:58.000000000,-42.34696421,65.16152940000003,398.1730537,94383.93004854984
Jan 01 2015 00:48:59.000000000,-42.27791034,65.16393760000003,397.27058089999997,94688.53082769667
Jan 01 2015 00:49:00.000000000,-42.20883701,65.1663332,396.36927810000003,95117.8559162112
Jan 01 2015 00:49:01.000000000,-42.13974424,65.1687162,395.46914710000004,95548.2366247094
Jan 01 2015 00:49:02.000000000,-42.07063204,65.17108670000002,394.5701896,95979.6691427083
Jan 01 2015 00:49:03.000000000,-42.00150043,65.17344469999998,393.67240719999995,96412.14981324313
Jan 01 2015 00:49:04.000000000,-41.93234943,65.17579029999999,392.7758018,96845.67473451061
Jan 01 2015 00:49:05.000000000,-41.86317906,65.17812359999999,391.88037510000004,97280.24009060476
Jan 01 2015 00:49:06.000000000,-41.79398933,65.1804445,390.9861287,97715.84235878468
Jan 01 2015 00:49:07.000000000,-41.72478026,65.18275319999998,390.0930644,98152.47756224369
Jan 01 2015 00:49:08.000000000,-41.65555187,65.18504970000001,389.2011839,98590.1420109181
Jan 01 2015 00:49:09.000000000,-41.58630417,65.18733399999999,388.310489,99028.83198201201
Jan 01 2015 00:49:10.000000000,-41.51703719,65.18960619999999,387.4209813,99468.54370421416
Jan 01 2015 00:49:11.000000000,-41.44775095,65.19186639999998,386.53266260000004,99909.27331996961
Jan 01 2015 00:49:12.000000000,-41.37844545,65.19411450000001,385.6455346,100460.98462414382
Jan 01 2015 00:49:13.000000000,-41.30912072,65.19635069999998,384.75959900000004,100784.28391926622
Jan 01 2015 00:49:14.000000000,-41.23977678,65.198575,383.87485760000004,101074.03958150726
Jan 01 2015 00:49:15.000000000,-41.17041364,65.20078749999999,382.991312,101392.37877655281
Jan 01 2015 00:49:16.000000000,-41.10103132,65.2029881,382.108964,101726.53616114912
Jan 01 2015 00:49:17.000000000,-41.03162985,65.20517699999999,381.2278153,102060.55107197943
Jan 01 2015 00:49:18.000000000,-40.96220923,65.20735409999998,380.34786760000003,102394.42245447321
Jan 01 2015 00:49:19.000000000,-40.89276949,65.2095196,379.4691225,102728.14888833418
Jan 01 2015 00:49:20.000000000,-40.82331065,65.21167349999999,378.5915819,103061.72909748027
Jan 01 2015 00:49:21.000000000,-40.75383272,65.21381580000002,377.71524750000003,103395.16188825258
Jan 01 2015 00:49:22.000000000,-40.68433573,65.21594669999996,376.8401208,103728.44586855096
Jan 01 2015 00:49:23.000000000,-40.61481968,65.21806600000002,375.9662038,104061.58000331686
Jan 01 2015 00:49:24.000000000,-40.54528461,65.22017389999999,375.0934979,104394.56294851772
Jan 01 2015 00:49:25.000000000,-40.47573052,65.22227050000001,374.22200510000005,104727.39320590836
Jan 01 2015 00:49:26.000000000,-40.40615744,65.22435569999999,373.35172689999996,105060.06983645602
Jan 01 2015 00:49:27.000000000,-40.33656539,65.22642960000002,372.4826651,105469.01934180321
Jan 01 2015 00:49:28.000000000,-40.26695438,65.2284923,371.6148214,105688.79097835846
Jan 01 2015 00:49:29.000000000,-40.19732443,65.23054380000002,370.7481974,106002.96130647576
Jan 01 2015 00:49:30.000000000,-40.12767557,65.23258419999996,369.88279500000004,106317.32993189285
Jan 01 2015 00:49:31.000000000,-40.05800781,65.23461349999997,369.01861569999994,106631.8952339289
Jan 01 2015 00:49:32.000000000,-39.98832117,65.23663169999998,368.15566129999996,106946.65546998671
Jan 01 2015 00:49:33.000000000,-39.91861567,65.23863889999998,367.2939335,107261.60876783673
Jan 01 2015 00:49:34.000000000,-39.84889134,65.24063519999999,366.433434,107576.75325425649
Jan 01 2015 00:49:35.000000000,-39.77914818,65.24262050000002,365.5741644,107892.0874180078
Jan 01 2015 00:49:36.000000000,-39.70938621,65.24459500000003,364.71612660000005,108207.60911042716
Jan 01 2015 00:49:37.000000000,-39.63960547,65.24655869999998,363.85932210000004,108523.31670968738
Jan 01 2015 00:49:38.000000000,-39.56980596,65.24851150000003,363.0037526,108839.20865791141
Jan 01 2015 00:49:39.000000000,-39.49998771,65.25045370000001,362.14941989999994,109155.28265491796
Jan 01 2015 00:49:40.000000000,-39.43015074,65.25238509999997,361.29632569999995,109558.52196921177
Jan 01 2015 00:49:41.000000000,-39.36029506,65.25430589999999,360.4444716,109754.63957944006
Jan 01 2015 00:49:42.000000000,-39.290420700000006,65.25621609999999,359.5938593,110038.57103920064
Jan 01 2015 00:49:43.000000000,-39.22052767,65.25811569999996,358.7444905,110323.138505471
Jan 01 2015 00:49:44.000000000,-39.150616,65.26000479999999,357.896367,110608.33937078188
Jan 01 2015 00:49:45.000000000,-39.080685700000004,65.26188340000002,357.0494903,110894.17131355198
Jan 01 2015 00:49:46.000000000,-39.0107368,65.26375159999998,356.20386210000004,111180.63174832807
Jan 01 2015 00:49:47.000000000,-38.94076931,65.26560940000002,355.3594843,111467.718181253
Jan 01 2015 00:49:48.000000000,-38.87078326,65.26745690000001,354.51635830000004,111755.42812810387
Jan 01 2015 00:49:49.000000000,-38.80077867,65.269294,353.674486,112043.75928626485
Jan 01 2015 00:49:50.000000000,-38.73075555,65.27112090000003,352.833869,112263.07238390873
Jan 01 2015 00:49:51.000000000,-38.66071392,65.2729376,351.99450889999997,112436.19457324255
Jan 01 2015 00:49:52.000000000,-38.59065382,65.27474410000002,351.1564075,112612.19487211875
Jan 01 2015 00:49:53.000000000,-38.52057524,65.27654040000002,350.3195665,112787.2311309418
Jan 01 2015 00:49:54.000000000,-38.45047823,65.27832659999999,349.4839874,112961.30389647714
Jan 01 2015 00:49:55.000000000,-38.3803628,65.28010279999998,348.649672,113152.83505505652
Jan 01 2015 00:49:56.000000000,-38.31022896,65.281869,347.8166219,113207.78598405993
Jan 01 2015 00:49:57.000000000,-38.24007674,65.28362519999999,346.9848389,113328.55979675154
Jan 01 2015 00:49:58.000000000,-38.16990616,65.2853715,346.15432450000003,113448.90237175082
Jan 01 2015 00:49:59.000000000,-38.09971724,65.28710780000003,345.32508060000004,113568.8136838057
Jan 01 2015 00:50:00.000000000,-38.02951001,65.28883430000005,344.4971086,113688.29326974659
Jan 01 2015 00:50:01.000000000,-37.95928447,65.29055099999997,343.6704103,113807.3408766296
Jan 01 2015 00:50:02.000000000,-37.88904066,65.29225789999998,342.8449874,113925.95637179767
Jan 01 2015 00:50:03.000000000,-37.8187786,65.2939551,342.0208415,114044.13939660425
Jan 01 2015 00:50:04.000000000,-37.74849829,65.29564260000001,341.1979743,114161.8897216257
Jan 01 2015 00:50:05.000000000,-37.67819978,65.29732050000001,340.3763874,114279.20704552923
Jan 01 2015 00:50:06.000000000,-37.60788307,65.29898870000002,339.5560825,114396.09134656287
Jan 01 2015 00:50:07.000000000,-37.5375482,65.30064730000004,338.7370613,114512.54226060942
Jan 01 2015 00:50:08.000000000,-37.46719517,65.30229640000002,337.9193254,114628.55936233401
Jan 01 2015 00:50:09.000000000,-37.39682401,65.303936,337.10287650000004,114720.57553976537
Jan 01 2015 00:50:10.000000000,-37.32643475,65.3055661,336.2877162,114715.64452691667
Jan 01 2015 00:50:11.000000000,-37.2560274,65.3071869,335.47384619999997,114758.44565433287
Jan 01 2015 00:50:12.000000000,-37.18560199,65.30879819999998,334.66126810000003,114801.52198443643
Jan 01 2015 00:50:13.000000000,-37.11515854,65.31040019999998,333.84998360000003,114844.87179744552
Jan 01 2015 00:50:14.000000000,-37.04469707,65.31199280000004,333.0399943,114888.4940509703
Jan 01 2015 00:50:15.000000000,-36.9742176,65.3135762,332.231302,114932.38698325856
Jan 01 2015 00:50:16.000000000,-36.90372015,65.31515040000002,331.4239081,114976.54936652476
Jan 01 2015 00:50:17.000000000,-36.83320475,65.3167153,330.6178144,115020.98011245643
Jan 01 2015 00:50:18.000000000,-36.76267141,65.3182711,329.8130225,115065.67746324184
Jan 01 2015 00:50:19.000000000,-36.69212017,65.31981780000004,329.0095341,115110.64013971285
Jan 01 2015 00:50:20.000000000,-36.62155104,65.32135539999999,328.2073508,115155.86681647498
Jan 01 2015 00:50:21.000000000,-36.55096404,65.32288390000002,327.4064742,115201.35618415214
Jan 01 2015 00:50:22.000000000,-36.48035919,65.3244034,326.606906,115247.10667531456
Jan 01 2015 00:50:23.000000000,-36.40973653,65.32591400000001,325.8086478,115224.00939833214
Jan 01 2015 00:50:24.000000000,-36.33909606,65.3274156,325.0117012,115148.02260324167
Jan 01 2015 00:50:25.000000000,-36.26843782,65.32890830000002,324.2160678999999,115098.05162206481
Jan 01 2015 00:50:26.000000000,-36.19776183,65.33039210000001,323.42174950000003,115018.56915364515
Jan 01 2015 00:50:27.000000000,-36.1270681,65.33186710000001,322.6287477,114910.54585695441
Jan 01 2015 00:50:28.000000000,-36.05635666,65.33333330000002,321.837064,114804.59845109106
Jan 01 2015 00:50:29.000000000,-35.98562754,65.33479069999996,321.0467001,114698.79185872206
Jan 01 2015 00:50:30.000000000,-35.91488075,65.33623939999998,320.2576576,114593.12500219786
Jan 01 2015 00:50:31.000000000,-35.84411633,65.33767940000001,319.4699382,114487.59710310027
Jan 01 2015 00:50:32.000000000,-35.77333428,65.33911069999999,318.68354339999996,114382.20728896788
Jan 01 2015 00:50:33.000000000,-35.70253464,65.34053349999999,317.898475,114276.95430685686
Jan 01 2015 00:50:34.000000000,-35.63171743,65.34194759999997,317.1147344,114171.83780400096
Jan 01 2015 00:50:35.000000000,-35.56088266,65.34335319999997,316.33232339999995,114066.85643345707
Jan 01 2015 00:50:36.000000000,-35.49003037,65.3447502,315.5512435,113962.00965331483
Jan 01 2015 00:50:37.000000000,-35.41916058,65.34613880000003,314.7714964,113726.38467460607
Jan 01 2015 00:50:38.000000000,-35.34827331,65.34751890000001,313.99308360000003,113502.09107845824
Jan 01 2015 00:50:39.000000000,-35.27736859,65.3488906,313.2160068,113273.84836872567
Jan 01 2015 00:50:40.000000000,-35.20644643,65.35025389999998,312.4402676,113046.79846001964
Jan 01 2015 00:50:41.000000000,-35.13550686,65.3516089,311.66586760000007,112820.93850062536
Jan 01 2015 00:50:42.000000000,-35.06454991,65.35295559999997,310.8928085,112596.26585933295
Jan 01 2015 00:50:43.000000000,-34.99357559,65.35429390000002,310.12109169999997,112372.77805629674
Jan 01 2015 00:50:44.000000000,-34.92258393,65.35562400000003,309.35071899999997,112150.4720030396
Jan 01 2015 00:50:45.000000000,-34.85157496,65.35694590000003,308.5816918,111929.34504239199
Jan 01 2015 00:50:46.000000000,-34.780548700000004,65.3582596,307.81401189999997,111709.39449039953
Jan 01 2015 00:50:47.000000000,-34.70950518,65.35956519999996,307.0476808,111490.61745768112
Jan 01 2015 00:50:48.000000000,-34.6384444,65.36086260000002,306.28270019999997,111273.01140930726
Jan 01 2015 00:50:49.000000000,-34.56736641,65.36215200000001,305.5190715,111056.57327858092
Jan 01 2015 00:50:50.000000000,-34.49627123,65.3634333,304.7567964,110841.30057362068
Jan 01 2015 00:50:51.000000000,-34.42515887,65.3647066,303.99587660000003,110448.72977781718
Jan 01 2015 00:50:52.000000000,-34.35402937,65.3659719,303.2363135,110126.96343385422
Jan 01 2015 00:50:53.000000000,-34.28288274,65.3672292,302.4781088,109764.50078075526
Jan 01 2015 00:50:54.000000000,-34.21171901,65.36847859999997,301.72126410000004,109404.46001751923
Jan 01 2015 00:50:55.000000000,-34.14053821,65.3697201,300.96578089999997,109046.83619154993
Jan 01 2015 00:50:56.000000000,-34.06934036,65.37095380000002,300.2116608,108691.624120277
Jan 01 2015 00:50:57.000000000,-33.99812549,65.37217960000001,299.4589055,108338.8190860988
Jan 01 2015 00:50:58.000000000,-33.92689361,65.37339759999998,298.7075164,107988.41581741169
Jan 01 2015 00:50:59.000000000,-33.85564476,65.37460780000004,297.9574953,107640.40940982602
Jan 01 2015 00:51:00.000000000,-33.78437896,65.37581030000001,297.2088435,107294.79458111004
Jan 01 2015 00:51:01.000000000,-33.71309623,65.37700509999999,296.4615628,106919.85716662773
Jan 01 2015 00:51:02.000000000,-33.6417966,65.3781923,295.71565469999996,106589.57862311746
Jan 01 2015 00:51:03.000000000,-33.57048009,65.37937180000003,294.9711208,106260.35273597897
Jan 01 2015 00:51:04.000000000,-33.49914673,65.38054359999998,294.2279626,105932.82232569777
Jan 01 2015 00:51:05.000000000,-33.42779654,65.38170789999998,293.4861817,105351.11434130928
Jan 01 2015 00:51:06.000000000,-33.35642955,65.38286459999998,292.74577969999996,104940.07063070478
Jan 01 2015 00:51:07.000000000,-33.28504578,65.38401389999999,292.0067581,104442.90659857966
Jan 01 2015 00:51:08.000000000,-33.21364527,65.38515559999999,291.2691185,103948.68813493392
Jan 01 2015 00:51:09.000000000,-33.14222802,65.38628980000001,290.5328624,103457.40939614215
Jan 01 2015 00:51:10.000000000,-33.07079408,65.38741659999997,289.7979915,102969.06473922775
Jan 01 2015 00:51:11.000000000,-32.99934345,65.38853610000001,289.06450730000006,102483.64831050854
Jan 01 2015 00:51:12.000000000,-32.92787618,65.38964810000002,288.33241119999997,102001.15490801801
Jan 01 2015 00:51:13.000000000,-32.85639229,65.3907528,287.601705,101521.57863791929
Jan 01 2015 00:51:14.000000000,-32.78489179,65.3918502,286.8723901,101044.91379482376
Jan 01 2015 00:51:15.000000000,-32.71337472,65.39294029999999,286.14446810000004,100571.15481697152
Jan 01 2015 00:51:16.000000000,-32.6418411,65.39402310000003,285.41794039999996,100100.29600076616
Jan 01 2015 00:51:17.000000000,-32.57029097,65.39509869999998,284.6928088,99632.33165858139
Jan 01 2015 00:51:18.000000000,-32.49872433,65.39616710000001,283.9690747,99167.25602390096
Jan 01 2015 00:51:19.000000000,-32.42714122,65.39722839999999,283.2467396,98423.04561250932
Jan 01 2015 00:51:20.000000000,-32.35554168,65.39828250000002,282.5258052,97919.25049469626
Jan 01 2015 00:51:21.000000000,-32.28392571,65.3993295,281.8062728,97272.99240129668
Jan 01 2015 00:51:22.000000000,-32.21229335,65.40036940000002,281.0881442,96630.92278991229
Jan 01 2015 00:51:23.000000000,-32.14064462,65.40140219999998,280.3714207,95993.03349183148
Jan 01 2015 00:51:24.000000000,-32.06897956,65.40242810000001,279.656104,95359.31628855174
Jan 01 2015 00:51:25.000000000,-31.99729818,65.4034469,278.9421955,94729.76338494061
Jan 01 2015 00:51:26.000000000,-31.92560051,65.40445879999999,278.22969689999996,94104.3665184524
Jan 01 2015 00:51:27.000000000,-31.85388658,65.40546370000001,277.5186095,93483.11766404065
Jan 01 2015 00:51:28.000000000,-31.78215642,65.40646170000002,276.808935,92866.00870802185
Jan 01 2015 00:51:29.000000000,-31.71041005,65.40745279999999,276.1006749,92253.031540127
Jan 01 2015 00:51:30.000000000,-31.638647499999998,65.40843700000002,275.39383060000006,91644.17798969109
Jan 01 2015 00:51:31.000000000,-31.5668688,65.4094145,274.6884038,91039.43974686206
Jan 01 2015 00:51:32.000000000,-31.49507397,65.41038509999998,273.9843958,90438.80885525531
Jan 01 2015 00:51:33.000000000,-31.42326304,65.41134890000001,273.2818083,89556.61911241511
Jan 01 2015 00:51:34.000000000,-31.35143603,65.412306,272.5806428,88985.46030570772
Jan 01 2015 00:51:35.000000000,-31.27959298,65.41325640000002,271.8809006,88208.59501991901
Jan 01 2015 00:51:36.000000000,-31.207733899999997,65.4142,271.1825835,87222.68513523402
Jan 01 2015 00:51:37.000000000,-31.13585884,65.41513700000002,270.48569280000004,86485.49839510182
Jan 01 2015 00:51:38.000000000,-31.0639678,65.4160674,269.79023010000003,85745.94055059641
Jan 01 2015 00:51:39.000000000,-30.99206083,65.41699109999999,269.09619680000003,85010.74623332535
Jan 01 2015 00:51:40.000000000,-30.92013795,65.41790830000002,268.4035945,84279.9075742542
Jan 01 2015 00:51:41.000000000,-30.84819919,65.41881890000002,267.7124247,83553.41704372331
Jan 01 2015 00:51:42.000000000,-30.77624456,65.41972290000004,267.0226889,82831.26692478328
Jan 01 2015 00:51:43.000000000,-30.70427411,65.42062050000001,266.3343885,82113.44918270147
Jan 01 2015 00:51:44.000000000,-30.63228786,65.42151150000001,265.647525,81399.95635969732
Jan 01 2015 00:51:45.000000000,-30.56028583,65.42239619999998,264.9621,80690.78040959222
Jan 01 2015 00:51:46.000000000,-30.48826806,65.42327430000003,264.2781148,79985.91381556042
Jan 01 2015 00:51:47.000000000,-30.41623457,65.4241461,263.59557110000003,78956.31395221618
Jan 01 2015 00:51:48.000000000,-30.34418538,65.42501150000001,262.9144703,78362.63895753477
Jan 01 2015 00:51:49.000000000,-30.27212054,65.4258705,262.23481380000004,77506.4300409269
Jan 01 2015 00:51:50.000000000,-30.20004006,65.4267232,261.5566032,76655.23783859375
Jan 01 2015 00:51:51.000000000,-30.12794397,65.4275696,260.87983990000004,75809.05352281553
Jan 01 2015 00:51:52.000000000,-30.055832300000002,65.42840980000003,260.2045254,74967.86825072348
Jan 01 2015 00:51:53.000000000,-29.98370508,65.42924359999998,259.53066110000003,74131.67338753762
Jan 01 2015 00:51:54.000000000,-29.91156234,65.43007130000001,258.8582486,73300.45995394407
Jan 01 2015 00:51:55.000000000,-29.83940411,65.43089269999996,258.18728930000003,72474.21927926736
Jan 01 2015 00:51:56.000000000,-29.7672304,65.43170800000001,257.51778459999997,71652.94223115515
Jan 01 2015 00:51:57.000000000,-29.69504126,65.43251710000001,256.84973610000003,70836.62024158577
Jan 01 2015 00:51:58.000000000,-29.62283671,65.43332009999997,256.1831451,70025.24415885436
Jan 01 2015 00:51:59.000000000,-29.55061678,65.43411699999999,255.51801319999998,69218.80526163118
Jan 01 2015 00:52:00.000000000,-29.4783815,65.43490780000002,254.8543417,68417.29448017715
Jan 01 2015 00:52:01.000000000,-29.40613089,65.43569260000001,254.19213230000003,67620.7030714499
Jan 01 2015 00:52:02.000000000,-29.33386499,65.4364713,253.5313862,66428.0108081421
Jan 01 2015 00:52:03.000000000,-29.26158382,65.43724399999999,252.8721049,65825.63883593719
Jan 01 2015 00:52:04.000000000,-29.18928741,65.4380108,252.21428999999998,64932.25527642627
Jan 01 2015 00:52:05.000000000,-29.116975800000002,65.4387716,251.55794280000003,64043.99190274324
Jan 01 2015 00:52:06.000000000,-29.044649,65.4395265,250.9030648,63160.83990483221
Jan 01 2015 00:52:07.000000000,-28.97230706,65.44027540000002,250.24965730000002,62282.790394630334
Jan 01 2015 00:52:08.000000000,-28.89994999,65.44101850000001,249.59772200000003,61409.8347172258
Jan 01 2015 00:52:09.000000000,-28.82757783,65.44175570000002,248.94726009999997,60541.96382221024
Jan 01 2015 00:52:10.000000000,-28.755190600000002,65.4424871,248.29827319999998,59679.168988784026
Jan 01 2015 00:52:11.000000000,-28.68278834,65.44321269999998,247.6507626,58504.05553952977
Jan 01 2015 00:52:12.000000000,-28.61037108,65.44393250000002,247.00472969999998,57679.68104184501
Jan 01 2015 00:52:13.000000000,-28.53793884,65.44464649999998,246.3601761,56856.960186011354
Jan 01 2015 00:52:14.000000000,-28.46549166,65.44535479999999,245.7171031,56038.09594801581
Jan 01 2015 00:52:15.000000000,-28.39302955,65.44605730000004,245.0755122,55223.083446886194
Jan 01 2015 00:52:16.000000000,-28.32055256,65.44675419999999,244.4354047,54067.63842803733
Jan 01 2015 00:52:17.000000000,-28.24806072,65.44744539999999,243.7967821,53532.04875815214
Jan 01 2015 00:52:18.000000000,-28.17555404,65.44813100000002,243.1596457,52688.98536527714
Jan 01 2015 00:52:19.000000000,-28.10303257,65.44881090000001,242.5239971,51849.39132595734
Jan 01 2015 00:52:20.000000000,-28.03049633,65.4494852,241.88983760000002,51013.262910603255
Jan 01 2015 00:52:21.000000000,-27.95794535,65.450154,241.25716859999997,50180.596523307315
Jan 01 2015 00:52:22.000000000,-27.88537966,65.45081719999999,240.6259915,49351.38863912566
Jan 01 2015 00:52:23.000000000,-27.812799300000002,65.4514749,239.9963078,48525.63578198293
Jan 01 2015 00:52:24.000000000,-27.74020428,65.45212699999999,239.3681187,47703.334145085406
Jan 01 2015 00:52:25.000000000,-27.66759465,65.45277369999997,238.7414258,50936.627399050856
Jan 01 2015 00:52:26.000000000,-27.59497043,65.45341490000001,238.1162304,46069.07069020405
Jan 01 2015 00:52:27.000000000,-27.52233165,65.45405069999998,237.4925338,45257.101432928706
Jan 01 2015 00:52:28.000000000,-27.44967835,65.454681,236.87033760000003,44448.56925207267
Jan 01 2015 00:52:29.000000000,-27.37701054,65.45530600000001,236.24964300000002,43643.470236911504
Jan 01 2015 00:52:30.000000000,-27.30432827,65.45592549999998,235.6304514,42537.543254411416
Jan 01 2015 00:52:31.000000000,-27.23163157,65.4565398,235.01276430000001,42084.298460094404
Jan 01 2015 00:52:32.000000000,-27.15892046,65.45714860000001,234.3965831,41320.237605873524
Jan 01 2015 00:52:33.000000000,-27.08619497,65.45775219999999,233.78190899999998,40558.92068462924
Jan 01 2015 00:52:34.000000000,-27.01345514,65.4583505,233.16874339999998,39800.34609088366
Jan 01 2015 00:52:35.000000000,-26.940701,65.45894359999997,232.5570878,39044.51231465559
Jan 01 2015 00:52:36.000000000,-26.86793257,65.45953130000001,231.9469435,38291.41762039271
Jan 01 2015 00:52:37.000000000,-26.795149900000002,65.46011390000001,231.3383118,37541.06023699503
Jan 01 2015 00:52:38.000000000,-26.722353000000002,65.46069130000001,230.73119419999998,36793.438661734566
Jan 01 2015 00:52:39.000000000,-26.64954191,65.46126349999997,230.12559190000002,36048.551015305675
Jan 01 2015 00:52:40.000000000,-26.57671667,65.46183050000002,229.52150640000002,35306.39578147523
Jan 01 2015 00:52:41.000000000,-26.50387729,65.4623924,228.91893900000002,34566.97119701847
Jan 01 2015 00:52:42.000000000,-26.43102382,65.4629492,228.317891,33830.275499140866
Jan 01 2015 00:52:43.000000000,-26.35815629,65.46350090000001,227.71836389999999,33096.30716432656
Jan 01 2015 00:52:44.000000000,-26.28527472,65.46404750000002,227.1203588,32365.064176843473
Jan 01 2015 00:52:45.000000000,-26.21237915,65.46458909999998,226.5238773,31122.576626421585
Jan 01 2015 00:52:46.000000000,-26.13946961,65.4651256,225.92892059999997,30754.35614771808
Jan 01 2015 00:52:47.000000000,-26.06654612,65.46565719999998,225.33549010000002,30123.106953836294
Jan 01 2015 00:52:48.000000000,-25.99360873,65.46618369999999,224.74358700000002,29492.75792620634
Jan 01 2015 00:52:49.000000000,-25.92065747,65.46670530000003,224.1532128,28863.313564541586
Jan 01 2015 00:52:50.000000000,-25.84769236,65.4672219,223.5643688,28234.77811858263
Jan 01 2015 00:52:51.000000000,-25.77471344,65.4677336,222.97705630000002,27607.155860606515
Jan 01 2015 00:52:52.000000000,-25.70172073,65.46824049999998,222.39127659999997,26980.45107202442
Jan 01 2015 00:52:53.000000000,-25.62871428,65.46874240000002,221.807031,26354.667983625433
Jan 01 2015 00:52:54.000000000,-25.55569411,65.46923939999999,221.22432090000004,25729.810988577778
Jan 01 2015 00:52:55.000000000,-25.48266025,65.46973169999998,220.6431476,25105.88439101592
Jan 01 2015 00:52:56.000000000,-25.40961275,65.47021910000001,220.06351239999998,24482.89242399707
Jan 01 2015 00:52:57.000000000,-25.33655162,65.4707017,219.4854165,23860.839272263776
Jan 01 2015 00:52:58.000000000,-25.263476899999997,65.4711795,218.9088614,23239.72942910024
Jan 01 2015 00:52:59.000000000,-25.19038862,65.4716526,218.33384840000002,22412.929654764244
Jan 01 2015 00:53:00.000000000,-25.11728682,65.47212090000002,217.7603786,22127.904293241405
Jan 01 2015 00:53:01.000000000,-25.04417153,65.47258450000001,217.1884535,21601.879969778576
Jan 01 2015 00:53:02.000000000,-24.97104278,65.4730434,216.61807430000002,21076.756947380756
Jan 01 2015 00:53:03.000000000,-24.89790061,65.47349759999997,216.0492423,20552.53861508636
Jan 01 2015 00:53:04.000000000,-24.82474503,65.4739471,215.4819588,20029.228368000196
Jan 01 2015 00:53:05.000000000,-24.7515761,65.47439210000002,214.91622510000002,19506.82964162486
Jan 01 2015 00:53:06.000000000,-24.67839384,65.47483230000003,214.3520426,18985.345856508753
Jan 01 2015 00:53:07.000000000,-24.60519828,65.47526800000003,213.7894123,18464.780196890748
Jan 01 2015 00:53:08.000000000,-24.53198945,65.47569920000001,213.2283358,17945.136345278526
Jan 01 2015 00:53:09.000000000,-24.4587674,65.47612569999998,212.6688141,17426.41736495176
Jan 01 2015 00:53:10.000000000,-24.38553215,65.4765477,212.11084869999996,16908.626897121536
Jan 01 2015 00:53:11.000000000,-24.31228373,65.47696519999997,211.55444069999996,16391.768155439368
Jan 01 2015 00:53:12.000000000,-24.23902218,65.47737819999998,210.9995915,15875.844637472353
Jan 01 2015 00:53:13.000000000,-24.16574754,65.4777867,210.4463023,15360.859652849109
Jan 01 2015 00:53:14.000000000,-24.09245982,65.47819069999997,209.89457439999998,14704.998745081128
Jan 01 2015 00:53:15.000000000,-24.01915908,65.47859029999998,209.344409,14489.06084691655
Jan 01 2015 00:53:16.000000000,-23.94584533,65.47898540000003,208.7958074,14078.085512358004
Jan 01 2015 00:53:17.000000000,-23.87251862,65.47937620000002,208.24877080000002,13668.137925444596
Jan 01 2015 00:53:18.000000000,-23.79917898,65.47976260000002,207.7033006,13259.219870535173
Jan 01 2015 00:53:19.000000000,-23.72582643,65.48014459999999,207.15939790000002,12650.021562392358
Jan 01 2015 00:53:20.000000000,-23.65246102,65.4805222,206.617064,12218.513919692203
Jan 01 2015 00:53:21.000000000,-23.57908278,65.4808955,206.0763001,11793.201452179534
Jan 01 2015 00:53:22.000000000,-23.50569174,65.48126450000001,205.5371075,11368.979751389326
Jan 01 2015 00:53:23.000000000,-23.43228794,65.48162919999999,204.99948740000002,10945.850184230589
Jan 01 2015 00:53:24.000000000,-23.35887141,65.48198959999996,204.46344109999998,10523.814193287633
Jan 01 2015 00:53:25.000000000,-23.28544217,65.48234580000002,203.92896969999998,10102.87309473573
Jan 01 2015 00:53:26.000000000,-23.21200028,65.48269780000001,203.3960746,9683.028414149203
Jan 01 2015 00:53:27.000000000,-23.13854575,65.4830455,202.8647569,9264.281412385462
Jan 01 2015 00:53:28.000000000,-23.06507863,65.48338900000002,202.3350178,8711.764422270102
Jan 01 2015 00:53:29.000000000,-22.99159895,65.48372830000002,201.8068586,8557.963159923098
Jan 01 2015 00:53:30.000000000,-22.91810674,65.48406349999999,201.2802805,8265.564369208001
Jan 01 2015 00:53:31.000000000,-22.84460204,65.48439449999998,200.75528469999998,7974.53625660908
Jan 01 2015 00:53:32.000000000,-22.77108487,65.48472140000001,200.2318725,7684.877274709396
Jan 01 2015 00:53:33.000000000,-22.69755529,65.48504419999998,199.7100449,7396.585692805227
Jan 01 2015 00:53:34.000000000,-22.62401331,65.48536290000001,199.1898033,7109.65998323379
Jan 01 2015 00:53:35.000000000,-22.55045898,65.48567749999998,198.67114880000003,6824.098462338424
Jan 01 2015 00:53:36.000000000,-22.47689232,65.48598810000001,198.15408259999998,6539.899517837989
Jan 01 2015 00:53:37.000000000,-22.40331338,65.48629460000001,197.63860590000002,6257.061488961321
Jan 01 2015 00:53:38.000000000,-22.32972218,65.48659709999998,197.12472,5975.582810961106
Jan 01 2015 00:53:39.000000000,-22.25611877,65.48689569999999,196.6124259,5695.461760335467
Jan 01 2015 00:53:40.000000000,-22.18250317,65.48719019999999,196.1017249,5416.696694984153
Jan 01 2015 00:53:41.000000000,-22.10887543,65.48748080000001,195.59261819999998,5139.286015566245
Jan 01 2015 00:53:42.000000000,-22.03523557,65.48776740000002,195.085107,4863.228046318398
Jan 01 2015 00:53:43.000000000,-21.96158363,65.48805010000001,194.57919230000002,4588.521051750917
Jan 01 2015 00:53:44.000000000,-21.88791964,65.4883288,194.0748755,4369.226779406828
Jan 01 2015 00:53:45.000000000,-21.81424365,65.4886037,193.5721576,4294.706411158522
Jan 01 2015 00:53:46.000000000,-21.74055568,65.4888747,193.0710398,4155.814273264153
Jan 01 2015 00:53:47.000000000,-21.66685578,65.48914190000002,192.57152340000002,4017.9615949363388
Jan 01 2015 00:53:48.000000000,-21.59314397,65.48940519999996,192.0736094,3881.1458237340357
Jan 01 2015 00:53:49.000000000,-21.51942029,65.48966459999997,191.577299,3745.3644786652185
Jan 01 2015 00:53:50.000000000,-21.44568478,65.48992030000002,191.0825934,3610.615110634907
Jan 01 2015 00:53:51.000000000,-21.37193747,65.49017220000002,190.5894936,3476.895157135085
Jan 01 2015 00:53:52.000000000,-21.29817839,65.49042030000001,190.098001,3344.2021748252932
Jan 01 2015 00:53:53.000000000,-21.22440759,65.4906647,189.6081166,3152.84441404028
Jan 01 2015 00:53:54.000000000,-21.15062509,65.49090530000004,189.1198415,2999.5581022189713
Jan 01 2015 00:53:55.000000000,-21.07683094,65.49114219999998,188.6331769,2850.899681211169
Jan 01 2015 00:53:56.000000000,-21.00302517,65.49137540000001,188.1481239,2705.1308486363187
Jan 01 2015 00:53:57.000000000,-20.92920781,65.4916049,187.66468369999998,2562.240234216909
Jan 01 2015 00:53:58.000000000,-20.855378899999998,65.49183070000001,187.18285730000002,2422.21640204135
Jan 01 2015 00:53:59.000000000,-20.78153848,65.4920529,186.702646,2343.151223354422
Jan 01 2015 00:54:00.000000000,-20.70768658,65.49227140000002,186.22405080000001,2304.9656228027793
Jan 01 2015 00:54:01.000000000,-20.63382324,65.4924863,185.7470728,2249.3955591836298
Jan 01 2015 00:54:02.000000000,-20.55994849,65.49269770000001,185.2717132,2195.5690222526423
Jan 01 2015 00:54:03.000000000,-20.48606236,65.49290540000001,184.79797309999998,2143.47832851141
Jan 01 2015 00:54:04.000000000,-20.41216491,65.4931096,184.3258536,2093.1158211490742
Jan 01 2015 00:54:05.000000000,-20.33825615,65.4933102,183.8553557,2044.4737827195204
Jan 01 2015 00:54:06.000000000,-20.26433614,65.49350730000003,183.3864806,1997.5445207480566
Jan 01 2015 00:54:07.000000000,-20.19040489,65.4937008,182.9192295,1952.3203011155051
Jan 01 2015 00:54:08.000000000,-20.11646246,65.4938909,182.4536033,1908.7933836713391
Jan 01 2015 00:54:09.000000000,-20.04250887,65.4940775,181.98960319999998,1866.9560048401831
Jan 01 2015 00:54:10.000000000,-19.96854416,65.49426060000002,181.5272302,1826.8003833502426
Jan 01 2015 00:54:11.000000000,-19.89456838,65.49444019999999,181.0664855,1788.3187359026745
Jan 01 2015 00:54:12.000000000,-19.82058154,65.49461639999998,180.6073702,1751.503255177511
Jan 01 2015 00:54:13.000000000,-19.7465837,65.49478919999999,180.1498852,1716.3461096284507
Jan 01 2015 00:54:14.000000000,-19.67257489,65.49495860000002,179.69403180000003,1685.6672356230226
Jan 01 2015 00:54:15.000000000,-19.59855514,65.49512459999997,179.2398109,1674.030425534639
Jan 01 2015 00:54:16.000000000,-19.5245245,65.4952872,178.7872236,1658.9298408271075
Jan 01 2015 00:54:17.000000000,-19.45048299,65.49544649999999,178.33627099999998,1644.288626580284
Jan 01 2015 00:54:18.000000000,-19.37643065,65.49560249999999,177.8869542,1630.1045893815854
Jan 01 2015 00:54:19.000000000,-19.30236753,65.4957551,177.43927419999997,1616.3755282335849
Jan 01 2015 00:54:20.000000000,-19.22829366,65.49590440000003,176.9932321,1603.0992403898522
Jan 01 2015 00:54:21.000000000,-19.15420907,65.49605040000003,176.54882890000002,1590.2735142348135
Jan 01 2015 00:54:22.000000000,-19.0801138,65.4961931,176.1060656,1577.8961340772642
Jan 01 2015 00:54:23.000000000,-19.00600789,65.49633259999999,175.6649434,1565.9648823559312
Jan 01 2015 00:54:24.000000000,-18.93189138,65.4964688,175.2254632,1554.477530332705
Jan 01 2015 00:54:25.000000000,-18.8577643,65.49660180000001,174.78762609999998,1543.4318476718379
Jan 01 2015 00:54:26.000000000,-18.7836267,65.4967316,174.3514332,1532.8255993437783
Jan 01 2015 00:54:27.000000000,-18.7094786,65.49685819999999,173.9168854,1523.4881109978744
Jan 01 2015 00:54:28.000000000,-18.63532004,65.4969816,173.48398380000003,1517.1247640791823
Jan 01 2015 00:54:29.000000000,-18.56115107,65.49710189999999,173.0527294,1510.936355198052
Jan 01 2015 00:54:30.000000000,-18.48697172,65.497219,172.62312319999998,1505.59079826826
Jan 01 2015 00:54:31.000000000,-18.41278202,65.497333,172.1951663,1502.694995099411
Jan 01 2015 00:54:32.000000000,-18.33858202,65.49744380000001,171.76885969999998,1498.9410224314256
Jan 01 2015 00:54:33.000000000,-18.26437175,65.49755159999998,171.3442043,1495.2905695093468
Jan 01 2015 00:54:34.000000000,-18.19015125,65.4976562,170.92120119999998,1491.7430931442475
Jan 01 2015 00:54:35.000000000,-18.11592056,65.49775780000002,170.49985139999998,1488.2980496656942
Jan 01 2015 00:54:36.000000000,-18.04167971,65.4978563,170.08015580000003,1484.9548941720163
Jan 01 2015 00:54:37.000000000,-17.96742875,65.49795180000001,169.6621156,1481.7130827068147
Jan 01 2015 00:54:38.000000000,-17.89316771,65.4980443,169.2457316,1478.5720690289736
Jan 01 2015 00:54:39.000000000,-17.81889662,65.4981338,168.8310049,1475.531307398799
Jan 01 2015 00:54:40.000000000,-17.74461553,65.49822019999999,168.4179364,1472.5902519348433
Jan 01 2015 00:54:41.000000000,-17.67032447,65.49830370000001,168.0065271,1469.748354933385
Jan 01 2015 00:54:42.000000000,-17.59602349,65.49838419999998,167.5967781,1467.0050700372094
Jan 01 2015 00:54:43.000000000,-17.52171262,65.49846180000003,167.18869019999997,1464.3598482043774
Jan 01 2015 00:54:44.000000000,-17.44739189,65.4985364,166.7822645,1461.81214184921
Jan 01 2015 00:54:45.000000000,-17.37306135,65.49860809999998,166.3775019,1459.3614015697983
Jan 01 2015 00:54:46.000000000,-17.29872103,65.49867689999999,165.9744034,1457.5832139442336
Jan 01 2015 00:54:47.000000000,-17.22437098,65.4987429,165.57297,1456.1833336574957
Jan 01 2015 00:54:48.000000000,-17.15001123,65.49880589999998,165.1732025,1454.9585128504425
Jan 01 2015 00:54:49.000000000,-17.07564181,65.49886609999999,164.775102,1453.8161002681775
Jan 01 2015 00:54:50.000000000,-17.00126278,65.49892340000002,164.3786694,1452.7555967427572
Jan 01 2015 00:54:51.000000000,-16.92687416,65.49897799999997,163.98390569999998,1451.7764980421152
Jan 01 2015 00:54:52.000000000,-16.85247599,65.4990296,163.5908117,1450.878306573497
Jan 01 2015 00:54:53.000000000,-16.77806832,65.49907850000002,163.1993885,1450.0605158544852
Jan 01 2015 00:54:54.000000000,-16.70365118,65.49912470000001,162.8096369,1449.3226226853344
Jan 01 2015 00:54:55.000000000,-16.629224599999997,65.49916800000003,162.421558,1448.6641265840312
Jan 01 2015 00:54:56.000000000,-16.55478864,65.4992086,162.03515249999998,1448.0845208102553
Jan 01 2015 00:54:57.000000000,-16.48034332,65.4992464,161.65042160000002,1447.5833019696938
Jan 01 2015 00:54:58.000000000,-16.40588869,65.49928160000002,161.26736599999998,1447.1599614738143
Jan 01 2015 00:54:59.000000000,-16.33142479,65.49931400000003,160.8859867,1446.8139975382676
Jan 01 2015 00:55:00.000000000,-16.25695164,65.4993437,160.5062845,1446.54490193093
Jan 01 2015 00:55:01.000000000,-16.1824693,65.49937069999999,160.1282605,1446.431910655974
Jan 01 2015 00:55:02.000000000,-16.1079778,65.49939509999999,159.7519156,1446.3115166772413
Jan 01 2015 00:55:03.000000000,-16.03347718,65.4994168,159.3772505,1444.6236645805463
Jan 01 2015 00:55:04.000000000,-15.95896748,65.49943590000001,159.0042662,1443.6377063014734
Jan 01 2015 00:55:05.000000000,-15.88444874,65.4994523,158.63296369999998,1442.249334484618
Jan 01 2015 00:55:06.000000000,-15.809921,65.4994662,158.2633438,1440.8933759750034
Jan 01 2015 00:55:07.000000000,-15.73538429,65.49947740000002,157.89540730000002,1439.569641713685
Jan 01 2015 00:55:08.000000000,-15.66083866,65.49948610000001,157.5291553,1438.277932838605
Jan 01 2015 00:55:09.000000000,-15.58628414,65.4994921,157.1645885,1437.0180593008995
Jan 01 2015 00:55:10.000000000,-15.51172078,65.49949569999998,156.80170780000003,1435.7898184202506
Jan 01 2015 00:55:11.000000000,-15.43714861,65.49949669999998,156.44051409999997,1434.5930195822552
Jan 01 2015 00:55:12.000000000,-15.36256767,65.49949520000001,156.0810083,1433.4274641820257
Jan 01 2015 00:55:13.000000000,-15.28797801,65.49949109999997,155.72319119999997,1432.2929582717202
Jan 01 2015 00:55:14.000000000,-15.21337965,65.49948459999999,155.3670638,1431.1892997159061
Jan 01 2015 00:55:15.000000000,-15.13877265,65.49947560000001,155.01262680000002,1430.116293672257
Jan 01 2015 00:55:16.000000000,-15.06415704,65.49946409999998,154.6598811,1429.0737422884629
Jan 01 2015 00:55:17.000000000,-14.98953286,65.49945019999998,154.30882749999998,1428.0614446660486
Jan 01 2015 00:55:18.000000000,-14.91490015,65.49943379999999,153.959467,1427.0792049092631
Jan 01 2015 00:55:19.000000000,-14.84025895,65.499415,153.6118003,1426.1268211850033
Jan 01 2015 00:55:20.000000000,-14.7656093,65.4993938,153.2658283,1422.424543612592
Jan 01 2015 00:55:21.000000000,-14.69095124,65.49937020000002,152.9215518,1421.4543058100166
Jan 01 2015 00:55:22.000000000,-14.616284799999999,65.49934419999997,152.5789716,1418.6844155068206
Jan 01 2015 00:55:23.000000000,-14.54161004,65.49931580000003,152.2380887,1415.9467552092474
Jan 01 2015 00:55:24.000000000,-14.46692698,65.49928509999998,151.89890369999998,1413.241169709726
Jan 01 2015 00:55:25.000000000,-14.39223567,65.49925209999998,151.5614176,1410.5675090574014
Jan 01 2015 00:55:26.000000000,-14.31753615,65.49921669999998,151.225631,1407.9256229947655
Jan 01 2015 00:55:27.000000000,-14.24282846,65.499179,150.891545,1405.3153594857033
Jan 01 2015 00:55:28.000000000,-14.16811264,65.49913900000001,150.5591602,1402.7365657012376
Jan 01 2015 00:55:29.000000000,-14.09338873,65.49909669999997,150.2284774,1400.189089998553
Jan 01 2015 00:55:30.000000000,-14.01865676,65.49905209999997,149.8994975,1397.6727812062488
Jan 01 2015 00:55:31.000000000,-13.94391679,65.49900530000002,149.57222130000002,1395.187485347491
Jan 01 2015 00:55:32.000000000,-13.86916884,65.49895619999998,149.24664950000002,1392.733052095729
Jan 01 2015 00:55:33.000000000,-13.79441296,65.49890490000001,148.92278290000002,1390.309327289163
Jan 01 2015 00:55:34.000000000,-13.71964919,65.4988514,148.60062240000002,1388.3948445937037
Jan 01 2015 00:55:35.000000000,-13.64487758,65.49879569999999,148.2801686,1386.314849966834
Jan 01 2015 00:55:36.000000000,-13.57009815,65.49873780000001,147.9614225,1384.2995065553002
Jan 01 2015 00:55:37.000000000,-13.49531095,65.49867769999997,147.6443847,1382.308469746365
Jan 01 2015 00:55:38.000000000,-13.42051603,65.4986154,147.329056,1377.1975278393968
Jan 01 2015 00:55:39.000000000,-13.34571341,65.49855099999996,147.0154372,1377.068702818905
Jan 01 2015 00:55:40.000000000,-13.27090315,65.4984844,146.703529,1374.1414907506062
Jan 01 2015 00:55:41.000000000,-13.19608528,65.49841580000003,146.3933322,1371.2490436230296
Jan 01 2015 00:55:42.000000000,-13.12125985,65.49834500000003,146.0848476,1368.3912220069533
Jan 01 2015 00:55:43.000000000,-13.04642689,65.49827209999998,145.7780759,1365.5678788516875
Jan 01 2015 00:55:44.000000000,-12.97158644,65.4981971,145.4730178,1362.778869403083
Jan 01 2015 00:55:45.000000000,-12.89673855,65.4981201,145.16967419999997,1360.024048519016
Jan 01 2015 00:55:46.000000000,-12.82188326,65.49804100000003,144.8680456,1357.3032719292905
Jan 01 2015 00:55:47.000000000,-12.747020599999999,65.49795989999998,144.56813290000002,1354.6163945336968
Jan 01 2015 00:55:48.000000000,-12.67215062,65.4978767,144.2699368,1351.9632739174485
Jan 01 2015 00:55:49.000000000,-12.59727337,65.4977915,143.9734581,1349.3437641000626
Jan 01 2015 00:55:50.000000000,-12.52238887,65.49770430000001,143.6786973,1346.7577186878702
Jan 01 2015 00:55:51.000000000,-12.44749717,65.49761510000002,143.3856554,1344.2049957307609
Jan 01 2015 00:55:52.000000000,-12.37259831,65.49752400000003,143.09433280000002,1341.6854457008196
Jan 01 2015 00:55:53.000000000,-12.29769233,65.49743089999998,142.8047305,1339.1989289014314
Jan 01 2015 00:55:54.000000000,-12.22277928,65.4973358,142.5168491,1336.745299847429
Jan 01 2015 00:55:55.000000000,-12.1478592,65.49723880000002,142.2306892,1334.3244107528144
Jan 01 2015 00:55:56.000000000,-12.07293212,65.49713980000001,141.94625159999998,1331.9361201979918
Jan 01 2015 00:55:57.000000000,-11.99799809,65.497039,141.66353700000002,1327.781834807585
Jan 01 2015 00:55:58.000000000,-11.92305714,65.49693619999996,141.38254609999998,1328.2037425041797
Jan 01 2015 00:55:59.000000000,-11.84810933,65.49683160000001,141.10327949999999,1326.584781819082
Jan 01 2015 00:56:00.000000000,-11.77315468,65.49672510000002,140.825738,1324.9793414131723
Jan 01 2015 00:56:01.000000000,-11.69819325,65.4966167,140.5499221,1323.387395744632
Jan 01 2015 00:56:02.000000000,-11.62322508,65.49650649999998,140.2758327,1321.8089194159038
Jan 01 2015 00:56:03.000000000,-11.54825019,65.49639440000001,140.00347030000003,1320.2438891691163
Jan 01 2015 00:56:04.000000000,-11.47326865,65.49628050000001,139.7328356,1318.6922782883223
Jan 01 2015 00:56:05.000000000,-11.39828048,65.4961648,139.46392930000002,1317.1540623883084
Jan 01 2015 00:56:06.000000000,-11.32328573,65.49604739999998,139.196752,1315.6292141614838
Jan 01 2015 00:56:07.000000000,-11.24828445,65.49592809999999,138.93130449999998,1314.661341910196
Jan 01 2015 00:56:08.000000000,-11.17327666,65.49580710000001,138.6675873,1310.7469047269235
Jan 01 2015 00:56:09.000000000,-11.09826242,65.49568430000002,138.405601,1306.9018815224956
Jan 01 2015 00:56:10.000000000,-11.02324177,65.4955597,138.14534640000002,1303.0847963974682
Jan 01 2015 00:56:11.000000000,-10.94821474,65.49543349999999,137.88682409999998,1299.2954771262052
Jan 01 2015 00:56:12.000000000,-10.87318138,65.49530550000003,137.6300346,1295.5337592799392
Jan 01 2015 00:56:13.000000000,-10.79814173,65.4951758,137.37497869999999,1291.7994741384985
Jan 01 2015 00:56:14.000000000,-10.72309584,65.49504440000001,137.1216569,1288.0924534304631
Jan 01 2015 00:56:15.000000000,-10.64804374,65.49491129999998,136.8700699,1284.4125294453647
Jan 01 2015 00:56:16.000000000,-10.57298547,65.4947766,136.62021830000003,1280.7595327195818
Jan 01 2015 00:56:17.000000000,-10.49792109,65.49464019999996,136.37210269999997,1279.0779216153996
Jan 01 2015 00:56:18.000000000,-10.42285062,65.4945022,136.1257237,1276.2043365191143
Jan 01 2015 00:56:19.000000000,-10.34777412,65.4943625,135.88108190000003,1275.2493105454098
Jan 01 2015 00:56:20.000000000,-10.27269162,65.49422119999997,135.63817790000002,1274.290440514144
Jan 01 2015 00:56:21.000000000,-10.19760316,65.49407830000004,135.3970123,1273.3276780896936
Jan 01 2015 00:56:22.000000000,-10.1225088,65.4939339,135.1575858,1272.3609741569067
Jan 01 2015 00:56:23.000000000,-10.04740856,65.4937878,134.91989880000003,1271.3902829469512
Jan 01 2015 00:56:24.000000000,-9.972302495,65.49364019999999,134.683952,1270.415554488483
Jan 01 2015 00:56:25.000000000,-9.897190645,65.493491,134.4497459,1269.436742217393
Jan 01 2015 00:56:26.000000000,-9.82207305,65.4933403,134.2172812,1268.4537970075774
Jan 01 2015 00:56:27.000000000,-9.746949754,65.49318799999998,133.98655829999998,1267.4666729058927
Jan 01 2015 00:56:28.000000000,-9.671820798999999,65.49303419999998,133.757578,1266.4753205608097
Jan 01 2015 00:56:29.000000000,-9.596686227000001,65.4928789,133.5303406,1265.4796939602804
Jan 01 2015 00:56:30.000000000,-9.521546079,65.4927222,133.30484679999998,1264.4797445949248
Jan 01 2015 00:56:31.000000000,-9.446400399,65.4925639,133.08109720000002,1263.475425948986
Jan 01 2015 00:56:32.000000000,-9.371249229,65.49240419999998,132.8590923,1262.4666902233012
Jan 01 2015 00:56:33.000000000,-9.296092611,65.49224300000003,132.6388326,1261.4534909046733
Jan 01 2015 00:56:34.000000000,-9.220930587,65.49208039999999,132.4203187,1260.4357802707225
Jan 01 2015 00:56:35.000000000,-9.1457632,65.49191639999998,132.2035511,1259.4135115288332
Jan 01 2015 00:56:36.000000000,-9.070590492000001,65.4917509,131.9885303,1258.3866380332613
Jan 01 2015 00:56:37.000000000,-8.995412506000001,65.49158399999999,131.775257,1257.3551116565363
Jan 01 2015 00:56:38.000000000,-8.920229284,65.49141580000003,131.5637315,1256.3188864507254
Jan 01 2015 00:56:39.000000000,-8.845040869,65.49124610000001,131.3539544,1266.5549995116644
Jan 01 2015 00:56:40.000000000,-8.769847303999999,65.49107510000002,131.1459263,1259.9741197982084
Jan 01 2015 00:56:41.000000000,-8.69464863,65.49090269999996,130.9396477,1262.741369079847
Jan 01 2015 00:56:42.000000000,-8.61944489,65.49072900000002,130.735119,1267.2869920629435
Jan 01 2015 00:56:43.000000000,-8.544236128,65.490554,130.53234080000001,1272.0729136437378
Jan 01 2015 00:56:44.000000000,-8.469022385,65.49037760000002,130.3313135,1276.8239846459007
Jan 01 2015 00:56:45.000000000,-8.393803704,65.4901999,130.1320377,1281.5401320824715
Jan 01 2015 01:00:29.000000000,8.496867983,65.4396725,130.104812,1325.2850844656914
Jan 01 2015 01:00:30.000000000,8.572086913,65.4394969,130.3038452,1357.1491676330743
Jan 01 2015 01:00:31.000000000,8.647300908,65.43932280000001,130.5046298,1313.7459693747574
Jan 01 2015 01:00:32.000000000,8.722509924,65.43914989999999,130.7071655,1308.9778982412129
Jan 01 2015 01:00:33.000000000,8.79771392,65.4389784,130.9114516,1308.9585116598103
Jan 01 2015 01:00:34.000000000,8.872912852999999,65.4388083,131.1174876,1305.9298921579395
Jan 01 2015 01:00:35.000000000,8.94810668,65.4386395,131.3252732,1303.1562370797449
Jan 01 2015 01:00:36.000000000,9.023295358,65.4384722,131.53480770000002,1300.2882930303203
Jan 01 2015 01:00:37.000000000,9.098478846,65.4383062,131.7460906,1298.0111686079547
Jan 01 2015 01:00:38.000000000,9.173657099,65.43814169999999,131.9591215,1298.5993036699501
Jan 01 2015 01:00:39.000000000,9.248830077000001,65.43797859999998,132.1738997,1299.083855474821
Jan 01 2015 01:00:40.000000000,9.323997736,65.43781690000003,132.39042479999998,1299.4945948935192
Jan 01 2015 01:00:41.000000000,9.399160035,65.43765669999999,132.6086963,1299.8307843377827
Jan 01 2015 01:00:42.000000000,9.47431693,65.43749790000004,132.8287135,1300.0916893370102
Jan 01 2015 01:00:43.000000000,9.549468379,65.4373406,133.050476,1300.2765723878965
Jan 01 2015 01:00:44.000000000,9.62461434,65.43718480000001,133.2739832,1300.3846986622714
Jan 01 2015 01:00:45.000000000,9.699754771,65.43703050000002,133.4992345,1300.415333891058
Jan 01 2015 01:00:46.000000000,9.77488963,65.43687769999997,133.7262294,1300.3677434974957
Jan 01 2015 01:00:47.000000000,9.850018873,65.43672650000002,133.95496740000002,1300.2411924957244
Jan 01 2015 01:00:48.000000000,9.92514246,65.43657680000001,134.1854479,1300.034949092921
Jan 01 2015 01:00:49.000000000,10.00026035,65.43642859999997,134.41767030000003,1299.7482812582268
Jan 01 2015 01:00:50.000000000,10.07537249,65.43628199999998,134.651634,1299.3804562851456
Jan 01 2015 01:00:51.000000000,10.15047885,65.436137,134.8873384,1298.9307434985792
Jan 01 2015 01:00:52.000000000,10.22557939,65.4359935,135.1247831,1298.398411710079
Jan 01 2015 01:00:53.000000000,10.30067406,65.4358517,135.3639674,1297.7827298440207
Jan 01 2015 01:00:54.000000000,10.37576282,65.4357114,135.6048907,1297.0829708840727
Jan 01 2015 01:00:55.000000000,10.45084562,65.43557280000002,135.84755239999998,1296.2984039974178
Jan 01 2015 01:00:56.000000000,10.52592244,65.43543590000002,136.0919519,1295.4283017118537
Jan 01 2015 01:00:57.000000000,10.60099321,65.4353006,136.3380887,1294.471936254422
Jan 01 2015 01:00:58.000000000,10.67605791,65.43516690000001,136.58596210000002,1295.9246476073185
Jan 01 2015 01:00:59.000000000,10.75111649,65.4350349,136.83557150000001,1297.7912858482364
Jan 01 2015 01:01:00.000000000,10.82616891,65.43490469999998,137.0869163,1299.647647921558
Jan 01 2015 01:01:01.000000000,10.90121513,65.4347761,137.3399959,1301.4637791972143
Jan 01 2015 01:01:02.000000000,10.9762551,65.4346492,137.5948096,1303.2392336025673
Jan 01 2015 01:01:03.000000000,11.05128878,65.4345241,137.851357,1304.9735660321433
Jan 01 2015 01:01:04.000000000,11.12631613,65.43440069999997,138.1096372,1306.666333613884
Jan 01 2015 01:01:05.000000000,11.20133712,65.434279,138.3696497,1308.3170934100833
Jan 01 2015 01:01:06.000000000,11.27635169,65.43415919999998,138.6313938,1309.2905160593998
Jan 01 2015 01:01:07.000000000,11.35135981,65.43404109999997,138.894869,1309.4045745389083
Jan 01 2015 01:01:08.000000000,11.42636143,65.4339247,139.1600745,1309.5070915583558
Jan 01 2015 01:01:09.000000000,11.50135652,65.43381019999998,139.42700969999999,1309.614385591108
Jan 01 2015 01:01:10.000000000,11.57634502,65.43369759999999,139.695674,1309.7264901457527
Jan 01 2015 01:01:11.000000000,11.65132691,65.4335867,139.9660666,1309.8434403775777
Jan 01 2015 01:01:12.000000000,11.72630214,65.43347769999997,140.2381871,1309.9652677584518
Jan 01 2015 01:01:13.000000000,11.80127066,65.4333705,140.5120345,1310.092006163765
Jan 01 2015 01:01:14.000000000,11.87623245,65.43326519999997,140.7876084,1310.2236881277743
Jan 01 2015 01:01:15.000000000,11.95118744,65.43316180000002,141.064908,1310.3603468275326
Jan 01 2015 01:01:16.000000000,12.02613561,65.43306030000002,141.34393269999998,1310.5020155122565
Jan 01 2015 01:01:17.000000000,12.10107691,65.4329607,141.62468180000002,1311.214236058077
Jan 01 2015 01:01:18.000000000,12.1760113,65.432863,141.9071545,1313.0930277825535
Jan 01 2015 01:01:19.000000000,12.25093874,65.4327673,142.1913502,1315.0374948881645
Jan 01 2015 01:01:20.000000000,12.32585919,65.43267349999999,142.47726819999997,1316.999696564444
Jan 01 2015 01:01:21.000000000,12.40077261,65.43258169999999,142.76490790000003,1318.9796751515594
Jan 01 2015 01:01:22.000000000,12.47567895,65.43249180000001,143.0542684,1320.9774721512892
Jan 01 2015 01:01:23.000000000,12.55057818,65.4324039,143.3453491,1322.9931295484726
Jan 01 2015 01:01:24.000000000,12.62547025,65.43231800000001,143.6381493,1325.0266892223137
Jan 01 2015 01:01:25.000000000,12.70035513,65.43223419999998,143.93266830000002,1327.0781920042398
Jan 01 2015 01:01:26.000000000,12.77523276,65.43215230000001,144.2289054,1329.147681156761
Jan 01 2015 01:01:27.000000000,12.85010312,65.4320725,144.5268598,1331.2351955494994
Jan 01 2015 01:01:28.000000000,12.92496616,65.43199480000004,144.82653080000003,1333.3407763336481
Jan 01 2015 01:01:29.000000000,12.99982184,65.43191910000002,145.12791769999998,1335.4644654315507
Jan 01 2015 01:01:30.000000000,13.07467011,65.43184550000001,145.43101969999998,1337.6063019984922
Jan 01 2015 01:01:31.000000000,13.14951095,65.43177400000002,145.7358361,1339.7663266144534
Jan 01 2015 01:01:32.000000000,13.2243443,65.43170460000002,146.04236619999998,1341.9445797414144
Jan 01 2015 01:01:33.000000000,13.29917013,65.4316373,146.3506093,1344.1411016154245
Jan 01 2015 01:01:34.000000000,13.37398839,65.4315722,146.6605645,1346.3559296987737
Jan 01 2015 01:01:35.000000000,13.44879905,65.43150919999997,146.9722311,1348.5891049060317
Jan 01 2015 01:01:36.000000000,13.52360207,65.4314483,147.2856084,1350.180419118249
Jan 01 2015 01:01:37.000000000,13.59839739,65.43138969999998,147.6006956,1351.5090941453586
Jan 01 2015 01:01:38.000000000,13.673185,65.43133319999998,147.91749199999998,1352.939673820819
Jan 01 2015 01:01:39.000000000,13.74796483,65.4312789,148.2359967,1354.370454876083
Jan 01 2015 01:01:40.000000000,13.82273686,65.43122680000002,148.556209,1355.8171358772836
Jan 01 2015 01:01:41.000000000,13.89750104,65.43117699999999,148.8781281,1357.5649661249254
Jan 01 2015 01:01:42.000000000,13.97225733,65.43112940000003,149.2017533,1359.249761679264
Jan 01 2015 01:01:43.000000000,14.04700569,65.43108409999999,149.5270837,1360.9317615016807
Jan 01 2015 01:01:44.000000000,14.12174609,65.43104100000002,149.8541186,1362.6108762718427
Jan 01 2015 01:01:45.000000000,14.19647848,65.4310002,150.1828572,1364.2870140865443
Jan 01 2015 01:01:46.000000000,14.27120281,65.43096170000001,150.5132986,1365.9600839706322
Jan 01 2015 01:01:47.000000000,14.34591906,65.4309255,150.84544219999998,1367.6299966698346
Jan 01 2015 01:01:48.000000000,14.42062718,65.43089169999999,151.17928700000002,1369.2966600769496
Jan 01 2015 01:01:49.000000000,14.49532713,65.43086009999999,151.51483230000002,1370.9599872764886
Jan 01 2015 01:01:50.000000000,14.57001887,65.43083100000001,151.8520772,1372.6198848567283
Jan 01 2015 01:01:51.000000000,14.64470237,65.43080419999998,152.191021,1374.276266434899
Jan 01 2015 01:01:52.000000000,14.71937757,65.43077969999999,152.5316628,1375.929042599268
Jan 01 2015 01:01:53.000000000,14.79404444,65.43075770000002,152.8740018,1377.4181811941685
Jan 01 2015 01:01:54.000000000,14.86870295,65.43073810000001,153.2180372,1377.5474813814499
Jan 01 2015 01:01:55.000000000,14.94335304,65.43072090000004,153.56376809999998,1377.6740789388452
Jan 01 2015 01:01:56.000000000,15.01799469,65.43070609999998,153.9111938,1377.797423171036
Jan 01 2015 01:01:57.000000000,15.09262785,65.4306938,154.2603133,1377.9174901299582
Jan 01 2015 01:01:58.000000000,15.16725249,65.43068390000002,154.61112580000002,1378.0342580213944
Jan 01 2015 01:01:59.000000000,15.24186855,65.43067659999997,154.9636305,1378.1477022976528
Jan 01 2015 01:02:00.000000000,15.31647601,65.43067169999998,155.3178266,1378.2578022118594
Jan 01 2015 01:02:01.000000000,15.39107482,65.4306693,155.67371310000001,1378.3645343135847
Jan 01 2015 01:02:02.000000000,15.46566495,65.4306694,156.0312892,1378.467876208823
Jan 01 2015 01:02:03.000000000,15.54024635,65.43067209999998,156.3905542,1378.567804886385
Jan 01 2015 01:02:04.000000000,15.61481898,65.43067730000001,156.751507,1378.6642988538401
Jan 01 2015 01:02:05.000000000,15.68938281,65.43068509999998,157.11414680000001,1378.7573353507635
Jan 01 2015 01:02:06.000000000,15.763937799999999,65.43069550000001,157.47847280000002,1378.8468924464185
Jan 01 2015 01:02:07.000000000,15.83848391,65.43070840000001,157.8444841,1378.9329488037872
Jan 01 2015 01:02:08.000000000,15.91302109,65.43072400000003,158.21217980000003,1379.0154815513256
Jan 01 2015 01:02:09.000000000,15.98754931,65.4307421,158.581559,1379.0944700080408
Jan 01 2015 01:02:10.000000000,16.06206854,65.43076299999998,158.9526208,1379.1698912859274
Jan 01 2015 01:02:11.000000000,16.13657872,65.43078640000002,159.32536430000002,1378.6251858026142
Jan 01 2015 01:02:12.000000000,16.21107982,65.4308125,159.6997888,1378.039557169019
Jan 01 2015 01:02:13.000000000,16.28557181,65.43084130000003,160.07589309999997,1377.408985778819
Jan 01 2015 01:02:14.000000000,16.36005464,65.4308728,160.4536765,1376.8521316248907
Jan 01 2015 01:02:15.000000000,16.43452827,65.43090699999999,160.8331381,1376.2970855380784
Jan 01 2015 01:02:16.000000000,16.50899267,65.43094390000002,161.21427680000002,1375.7294193966663
Jan 01 2015 01:02:17.000000000,16.583447800000002,65.43098360000002,161.5970919,1375.1490734966155
Jan 01 2015 01:02:18.000000000,16.65789362,65.43102599999997,161.9815824,1374.555989401022
Jan 01 2015 01:02:19.000000000,16.73233008,65.43107119999999,162.3677474,1373.9501080728553
Jan 01 2015 01:02:20.000000000,16.80675716,65.43111910000002,162.75558590000003,1373.3313713789632
Jan 01 2015 01:02:21.000000000,16.88117481,65.43116990000001,163.145097,1372.6997203931626
Jan 01 2015 01:02:22.000000000,16.95558299,65.43122340000002,163.5362799,1372.0550971272548
Jan 01 2015 01:02:23.000000000,17.02998167,65.4312798,163.9291335,1371.397443412568
Jan 01 2015 01:02:24.000000000,17.1043708,65.43133900000001,164.3236569,1370.7267015106472
Jan 01 2015 01:02:25.000000000,17.17875035,65.43140109999999,164.7198492,1370.042813474538
Jan 01 2015 01:02:26.000000000,17.25312028,65.4314661,165.1177094,1369.3457219050583
Jan 01 2015 01:02:27.000000000,17.32748056,65.4315339,165.51723669999998,1368.5145210674352
Jan 01 2015 01:02:28.000000000,17.40183113,65.43160460000001,165.9184299,1367.145251732794
Jan 01 2015 01:02:29.000000000,17.47617197,65.43167830000002,166.3212882,1365.7549042171627
Jan 01 2015 01:02:30.000000000,17.55050304,65.4317548,166.72581069999998,1364.355713843981
Jan 01 2015 01:02:31.000000000,17.6248243,65.43183440000001,167.13199630000003,1362.947666707801
Jan 01 2015 01:02:32.000000000,17.6991357,65.43191680000001,167.539844,1361.5307493144967
Jan 01 2015 01:02:33.000000000,17.77343722,65.4320023,167.949353,1360.104946736517
Jan 01 2015 01:02:34.000000000,17.84772881,65.43209069999997,168.3605222,1358.6702457475249
Jan 01 2015 01:02:35.000000000,17.92201044,65.43218219999997,168.7733507,1357.2266319331793
Jan 01 2015 01:02:36.000000000,17.99628207,65.4322766,169.1878375,1355.7740917517315
Jan 01 2015 01:02:37.000000000,18.07054366,65.4323742,169.6039815,1354.3126114120982
Jan 01 2015 01:02:38.000000000,18.14479517,65.4324747,170.0217819,1352.8421768180788
Jan 01 2015 01:02:39.000000000,18.21903657,65.43257830000002,170.4412375,1351.3627747047672
Jan 01 2015 01:02:40.000000000,18.29326781,65.43268500000002,170.8623475,1349.8743906314105
Jan 01 2015 01:02:41.000000000,18.36748886,65.43279480000004,171.2851108,1348.3770112620923
Jan 01 2015 01:02:42.000000000,18.44169969,65.43290780000001,171.7095264,1346.870622793458
Jan 01 2015 01:02:43.000000000,18.51590025,65.4330238,172.1355933,1345.3552118119421
Jan 01 2015 01:02:44.000000000,18.5900905,65.43314300000003,172.5633105,1343.3847809820854
Jan 01 2015 01:02:45.000000000,18.66427042,65.43326529999999,172.99267700000001,1341.3717933691835
Jan 01 2015 01:02:46.000000000,18.73843996,65.4333909,173.42369169999998,1339.2781028431443
Jan 01 2015 01:02:47.000000000,18.81259908,65.43351960000001,173.85635369999997,1342.0109682308243
Jan 01 2015 01:02:48.000000000,18.88674775,65.43365150000002,174.2906619,1346.4639235770676
Jan 01 2015 01:02:49.000000000,18.96088593,65.43378659999999,174.72661530000002,1351.1841434467103
Jan 01 2015 01:02:50.000000000,19.03501358,65.43392499999999,175.1642129,1356.121747769948
Jan 01 2015 01:02:51.000000000,19.10913067,65.43406669999999,175.6034535,1361.2779794283174
Jan 01 2015 01:02:52.000000000,19.18323716,65.4342116,176.04433630000003,1366.654077750746
Jan 01 2015 01:02:53.000000000,19.25733301,65.43435980000001,176.4868601,1372.2512828590545
Jan 01 2015 01:02:54.000000000,19.33141818,65.4345113,176.931024,1378.0708328260664
Jan 01 2015 01:02:55.000000000,19.40549264,65.43466609999999,177.3768267,1384.1139669752006
Jan 01 2015 01:02:56.000000000,19.47955635,65.43482420000001,177.82426740000002,1390.3819212786066
Jan 01 2015 01:02:57.000000000,19.55360928,65.43498579999999,178.273345,1396.8759337301447
Jan 01 2015 01:02:58.000000000,19.62765138,65.43515060000001,178.72405830000002,1403.5972371163687
Jan 01 2015 01:02:59.000000000,19.70168263,65.43531890000003,179.1764063,1410.5470690690968
Jan 01 2015 01:03:00.000000000,19.77570297,65.43549049999999,179.63038799999998,1418.7459644929024
Jan 01 2015 01:03:01.000000000,19.84971239,65.4356656,180.08600239999998,1427.4612873318365
Jan 01 2015 01:03:02.000000000,19.92371083,65.4358441,180.5432482,1436.609237050815
Jan 01 2015 01:03:03.000000000,19.99769827,65.43602599999997,181.0021245,1446.1715089570064
Jan 01 2015 01:03:04.000000000,20.07167467,65.43621140000002,181.46263009999998,1456.1502091574273
Jan 01 2015 01:03:05.000000000,20.14563999,65.4364003,181.92476399999998,1466.5474403609855
Jan 01 2015 01:03:06.000000000,20.21959419,65.43659269999998,182.38852519999998,1477.3653023638872
Jan 01 2015 01:03:07.000000000,20.29353724,65.4367886,182.8539124,1488.6058920219455
Jan 01 2015 01:03:08.000000000,20.3674691,65.43698810000001,183.3209247,1500.271304714274
Jan 01 2015 01:03:09.000000000,20.44138974,65.43719109999998,183.78956090000003,1512.3636304485265
Jan 01 2015 01:03:10.000000000,20.51529912,65.43739759999997,184.2598199,1524.8849564019351
Jan 01 2015 01:03:11.000000000,20.589197199999997,65.4376077,184.7317007,1537.8373687058252
Jan 01 2015 01:03:12.000000000,20.66308395,65.43782140000002,185.205202,1551.2229487456966
Jan 01 2015 01:03:13.000000000,20.73695933,65.43803880000002,185.6803229,1565.043777487626
Jan 01 2015 01:03:14.000000000,20.8108233,65.43825980000003,186.15706219999998,1579.301927873199
Jan 01 2015 01:03:15.000000000,20.88467584,65.4384844,186.6354188,1593.9994747962912
Jan 01 2015 01:03:16.000000000,20.9585169,65.4387126,187.11539150000002,1614.1986665016927
Jan 01 2015 01:03:17.000000000,21.03234645,65.43894460000001,187.59697930000002,1634.5178214855137
Jan 01 2015 01:03:18.000000000,21.10616445,65.43918030000003,188.080181,1655.9502668461741
Jan 01 2015 01:03:19.000000000,21.17997087,65.43941960000001,188.5649955,1678.1496463945855
Jan 01 2015 01:03:20.000000000,21.25376567,65.43966280000001,189.0514216,1704.803537629998
Jan 01 2015 01:03:21.000000000,21.32754881,65.4399096,189.5394583,1715.7349211470637
Jan 01 2015 01:03:22.000000000,21.40132026,65.44016020000001,190.0291044,1726.301743719669
Jan 01 2015 01:03:23.000000000,21.47507999,65.44041469999999,190.52035869999997,1736.77599192655
Jan 01 2015 01:03:24.000000000,21.54882796,65.44067290000004,191.01322009999998,1747.1569975465645
Jan 01 2015 01:03:25.000000000,21.62256413,65.4409349,191.5076875,1757.4441014065615
Jan 01 2015 01:03:26.000000000,21.69628847,65.44120079999999,192.0037596,1767.6366394607378
Jan 01 2015 01:03:27.000000000,21.77000095,65.44147050000001,192.50143549999999,1777.7339472285862
Jan 01 2015 01:03:28.000000000,21.84370152,65.44174410000002,193.0007138,1787.7353563963002
Jan 01 2015 01:03:29.000000000,21.91739016,65.4420216,193.5015935,1797.640201785654
Jan 01 2015 01:03:30.000000000,21.99106682,65.44230299999998,194.0040733,1807.4478109097531
Jan 01 2015 01:03:31.000000000,22.06473148,65.44258829999998,194.5081521,1838.117008934631
Jan 01 2015 01:03:32.000000000,22.13838409,65.44287749999998,195.01382880000003,1870.7680468396925
Jan 01 2015 01:03:33.000000000,22.21202463,65.44317080000002,195.5211021,1903.7475887453002
Jan 01 2015 01:03:34.000000000,22.28565306,65.44346800000002,196.0299709,1935.9716249888647
Jan 01 2015 01:03:35.000000000,22.35926934,65.44376919999999,196.540434,1967.4361997319584
Jan 01 2015 01:03:36.000000000,22.43287344,65.4440744,197.05249030000002,1998.1373600946026
Jan 01 2015 01:03:37.000000000,22.50646532,65.44438360000001,197.5661385,2028.0711429180224
Jan 01 2015 01:03:38.000000000,22.58004495,65.4446969,198.0813774,2057.233604400506
Jan 01 2015 01:03:39.000000000,22.653612300000002,65.4450142,198.5982059,2085.6207895855214
Jan 01 2015 01:03:40.000000000,22.72716733,65.44533569999999,199.11662280000002,2113.228773346096
Jan 01 2015 01:03:41.000000000,22.80071001,65.44566119999996,199.63662680000002,2140.053580725479
Jan 01 2015 01:03:42.000000000,22.8742403,65.4459909,200.15821680000002,2166.0913005603284
Jan 01 2015 01:03:43.000000000,22.94775816,65.44632469999999,200.68139159999998,2191.3379806914954
Jan 01 2015 01:03:44.000000000,23.02126357,65.44666260000002,201.2061499,2215.789675952374
Jan 01 2015 01:03:45.000000000,23.09475649,65.4470048,201.7324905,2239.4424824576045
Jan 01 2015 01:03:46.000000000,23.16823688,65.44735109999999,202.2604123,2292.727343465739
Jan 01 2015 01:03:47.000000000,23.24170471,65.44770170000001,202.78991399999998,2389.6484382324657
Jan 01 2015 01:03:48.000000000,23.31515995,65.4480565,203.3209945,2485.9328293010813
Jan 01 2015 01:03:49.000000000,23.38860256,65.44841549999998,203.8536524,2580.1221908199514
Jan 01 2015 01:03:50.000000000,23.46203252,65.44877880000001,204.3878865,2672.206235484109
Jan 01 2015 01:03:51.000000000,23.53544977,65.44914640000002,204.9236957,2762.1746934832045
Jan 01 2015 01:03:52.000000000,23.6088543,65.44951830000002,205.46107859999998,2850.0172399015237
Jan 01 2015 01:03:53.000000000,23.68224607,65.44989449999997,206.0000341,2935.723623437244
Jan 01 2015 01:03:54.000000000,23.75562504,65.45027510000003,206.540561,3072.07356066259
Jan 01 2015 01:03:55.000000000,23.82899118,65.45066,207.08265790000002,3180.481345036231
Jan 01 2015 01:03:56.000000000,23.90234446,65.45104930000002,207.6263237,3287.892679284023
Jan 01 2015 01:03:57.000000000,23.97568484,65.45144300000001,208.171557,3397.3306902398344
Jan 01 2015 01:03:58.000000000,24.04901229,65.45184119999999,208.7183568,3508.802538482684
Jan 01 2015 01:03:59.000000000,24.12232677,65.4522437,209.2667216,3622.3151438693285
Jan 01 2015 01:04:00.000000000,24.19562826,65.45265079999999,209.8166502,3737.8757049408714
Jan 01 2015 01:04:01.000000000,24.26891672,65.45306230000003,210.36814139999998,3978.7752169835207
Jan 01 2015 01:04:02.000000000,24.34219212,65.45347830000003,210.92119399999999,4268.1065532648745
Jan 01 2015 01:04:03.000000000,24.41545442,65.45389879999999,211.4758066,4565.985580992414
Jan 01 2015 01:04:04.000000000,24.48870359,65.45432390000002,212.03197790000002,4865.8202541156825
Jan 01 2015 01:04:05.000000000,24.561939600000002,65.45475350000001,212.5897069,5167.6141580013455
Jan 01 2015 01:04:06.000000000,24.63516241,65.45518769999998,213.148992,5471.370669159438
Jan 01 2015 01:04:07.000000000,24.70837199,65.45562650000002,213.70983219999997,5777.0933854656405
Jan 01 2015 01:04:08.000000000,24.78156831,65.45606989999999,214.272226,6084.7856148594865
Jan 01 2015 01:04:09.000000000,24.85475134,65.45651800000002,214.83617230000002,6394.450930707234
Jan 01 2015 01:04:10.000000000,24.92792104,65.4569707,215.40166969999996,6706.09255255918
Jan 01 2015 01:04:11.000000000,25.00107739,65.45742809999999,215.96871690000003,7019.713898499023
Jan 01 2015 01:04:12.000000000,25.07422034,65.45789010000001,216.53731269999997,7335.318222735749
Jan 01 2015 01:04:13.000000000,25.14734986,65.45835690000001,217.10745580000003,7652.908988823245
Jan 01 2015 01:04:14.000000000,25.22046593,65.45882839999999,217.67914480000005,7972.489294119769
Jan 01 2015 01:04:15.000000000,25.29356851,65.45930469999999,218.25237850000002,8294.062507768176
Jan 01 2015 01:04:16.000000000,25.36665757,65.45978579999999,218.8271556,8773.618408043554
Jan 01 2015 01:04:17.000000000,25.43973307,65.4602716,219.40347480000003,9348.15011293514
Jan 01 2015 01:04:18.000000000,25.51279499,65.46076230000003,219.98133470000002,9929.99383276071
Jan 01 2015 01:04:19.000000000,25.58584328,65.46125780000003,220.5607341,10508.71906351205
Jan 01 2015 01:04:20.000000000,25.65887793,65.46175809999997,221.1416716,11084.305920127968
Jan 01 2015 01:04:21.000000000,25.731898899999997,65.46226329999999,221.724146,11656.734828526907
Jan 01 2015 01:04:22.000000000,25.80490615,65.4627735,222.3081559,12225.986023745289
Jan 01 2015 01:04:23.000000000,25.87789965,65.46328849999998,222.8937,12792.039419573539
Jan 01 2015 01:04:24.000000000,25.95087937,65.4638085,223.4807769,13354.875366637734
Jan 01 2015 01:04:25.000000000,26.02384529,65.46433350000001,224.06938540000002,13914.474126436866
Jan 01 2015 01:04:26.000000000,26.09679736,65.46486340000001,224.6595241,14470.815604482403
Jan 01 2015 01:04:27.000000000,26.16973556,65.4653983,225.2511917,15023.880081069701
Jan 01 2015 01:04:28.000000000,26.24265985,65.4659383,225.8443869,15573.647835978489
Jan 01 2015 01:04:29.000000000,26.31557021,65.46648330000002,226.43910830000002,16459.113461530113
Jan 01 2015 01:04:30.000000000,26.38846659,65.4670333,227.0353546,17097.55175191508
Jan 01 2015 01:04:31.000000000,26.46134898,65.46758849999998,227.63312439999999,17952.979436166752
Jan 01 2015 01:04:32.000000000,26.53421734,65.46814869999997,228.23241639999998,18800.25714687552
Jan 01 2015 01:04:33.000000000,26.60707163,65.46871409999997,228.83322919999998,19635.2313971263
Jan 01 2015 01:04:34.000000000,26.67991183,65.46928459999998,229.4355616,20457.84766676146
Jan 01 2015 01:04:35.000000000,26.752737899999996,65.46986030000002,230.0394121,21268.051411396453
Jan 01 2015 01:04:36.000000000,26.82554982,65.47044120000001,230.64477940000003,22065.788235857046
Jan 01 2015 01:04:37.000000000,26.89834755,65.4710273,231.2516622,22851.00379442158
Jan 01 2015 01:04:38.000000000,26.97113106,65.4716187,231.86005899999998,23623.643697559037
Jan 01 2015 01:04:39.000000000,27.04390033,65.47221529999999,232.4699685,24383.653503425914
Jan 01 2015 01:04:40.000000000,27.11665531,65.47281719999998,233.08138939999998,25130.979196987206
Jan 01 2015 01:04:41.000000000,27.18939598,65.4734244,233.69432030000002,25865.566474715328
Jan 01 2015 01:04:42.000000000,27.26212231,65.47403689999999,234.30875980000002,26587.361085325785
Jan 01 2015 01:04:43.000000000,27.33483427,65.4746548,234.92470649999998,27296.309011656733
Jan 01 2015 01:04:44.000000000,27.40753182,65.47527799999997,235.5421591,27992.356045428587
Jan 01 2015 01:04:45.000000000,27.48021495,65.4759066,236.1611162,28739.312526469348
Jan 01 2015 01:04:46.000000000,27.5528836,65.47654069999996,236.7815764,29607.863746003066
Jan 01 2015 01:04:47.000000000,27.62553776,65.4771801,237.40353829999998,30460.690737349767
Jan 01 2015 01:04:48.000000000,27.6981774,65.47782510000002,238.02700049999999,31289.793497196606
Jan 01 2015 01:04:49.000000000,27.77080248,65.4784755,238.65196170000002,32095.081635152146
Jan 01 2015 01:04:50.000000000,27.84341298,65.47913140000003,239.2784205,32876.46526977435
Jan 01 2015 01:04:51.000000000,27.91600886,65.47979280000004,239.9063755,31876.48929066281
Jan 01 2015 01:04:52.000000000,27.98859009,65.48045980000003,240.53582519999998,34367.15964782584
Jan 01 2015 01:04:53.000000000,28.06115665,65.4811324,241.16676830000003,35076.291161795736
Jan 01 2015 01:04:54.000000000,28.13370851,65.4818105,241.79920330000002,35761.15925034231
Jan 01 2015 01:04:55.000000000,28.20624562,65.48249429999998,242.433129,36421.675270498425
Jan 01 2015 01:04:56.000000000,28.27876797,65.48318369999998,243.06854380000001,37057.74950161099
Jan 01 2015 01:04:57.000000000,28.35127553,65.48387880000001,243.7054463,37669.29305812251
Jan 01 2015 01:04:58.000000000,28.42376826,65.4845795,244.3438352,38256.21701486926
Jan 01 2015 01:04:59.000000000,28.49624613,65.48528599999997,244.9837091,38818.43293276669
Jan 01 2015 01:05:00.000000000,28.56870912,65.48599819999998,245.6250665,39389.954976303576
Jan 01 2015 01:05:01.000000000,28.6411572,65.48671619999999,246.2679059,39934.67677256052
Jan 01 2015 01:05:02.000000000,28.71359033,65.48743990000003,246.9122261,40459.93610878315
Jan 01 2015 01:05:03.000000000,28.78600849,65.4881694,247.55802549999999,41511.88184862961
Jan 01 2015 01:05:04.000000000,28.85841164,65.4889048,248.2053028,42141.09963431335
Jan 01 2015 01:05:05.000000000,28.93079977,65.489646,248.85405640000002,42759.009533294055
Jan 01 2015 01:05:06.000000000,29.00317283,65.49039309999998,249.50428509999998,43367.004253094514
Jan 01 2015 01:05:07.000000000,29.075530800000003,65.49114619999997,250.15598730000002,43965.04545924176
Jan 01 2015 01:05:08.000000000,29.14787365,65.4919051,250.80916159999998,44553.094737990185
Jan 01 2015 01:05:09.000000000,29.22020136,65.49267000000003,251.4638066,45131.114320044544
Jan 01 2015 01:05:10.000000000,29.29251388,65.49344080000003,252.11992080000002,45699.06605139229
Jan 01 2015 01:05:11.000000000,29.364811199999995,65.49421759999998,252.7775029,46256.91226778423
Jan 01 2015 01:05:12.000000000,29.43709329,65.49500049999997,253.43655130000002,46804.61508067517
Jan 01 2015 01:05:13.000000000,29.50936011,65.49578939999998,254.09706459999998,47342.13668516401
Jan 01 2015 01:05:14.000000000,29.58161164,65.49658440000002,254.7590413,47857.36722198527
Jan 01 2015 01:05:15.000000000,29.65384784,65.49738550000001,255.4224801,48311.22764783061
Jan 01 2015 01:05:16.000000000,29.7260687,65.49819269999998,256.08737940000003,48762.81533545009
Jan 01 2015 01:05:17.000000000,29.79827417,65.49900600000001,256.75373790000003,49205.579977954694
Jan 01 2015 01:05:18.000000000,29.87046424,65.49982549999999,257.4215539,49639.48947529845
Jan 01 2015 01:05:19.000000000,29.94263888,65.50065120000002,258.09082620000004,50064.51229467735
Jan 01 2015 01:05:20.000000000,30.01479805,65.50148309999997,258.7615532,50480.616604493625
Jan 01 2015 01:05:21.000000000,30.08694173,65.5023213,259.43373340000005,50887.77080650594
Jan 01 2015 01:05:22.000000000,30.15906988,65.50316580000003,260.10736549999996,51285.94355744954
Jan 01 2015 01:05:23.000000000,30.23118249,65.5040165,260.7824479,51675.103053074665
Jan 01 2015 01:05:24.000000000,30.30327952,65.5048736,261.45897909999997,52055.218145555926
Jan 01 2015 01:05:25.000000000,30.37536095,65.50573700000001,262.1369577,52426.257455038176
Jan 01 2015 01:05:26.000000000,30.44742674,65.50660669999999,262.81638219999996,52788.18979004516
Jan 01 2015 01:05:27.000000000,30.51947688,65.50748289999999,263.49725109999997,53140.984116985666
Jan 01 2015 01:05:28.000000000,30.59151132,65.50836549999997,264.179563,53484.60945826444
Jan 01 2015 01:05:29.000000000,30.66353005,65.50925460000002,264.8633164,53754.88446287595
Jan 01 2015 01:05:30.000000000,30.73553304,65.5101501,265.54850980000003,53962.2797962728
Jan 01 2015 01:05:31.000000000,30.80752025,65.51105209999997,266.23514159999996,54173.23782674715
Jan 01 2015 01:05:32.000000000,30.87949166,65.51196069999997,266.9232105,54377.97794370506
Jan 01 2015 01:05:33.000000000,30.95144725,65.51287579999999,267.6127148,54576.47891679778
Jan 01 2015 01:05:34.000000000,31.02338698,65.51379750000001,268.3036532,54768.72018506646
Jan 01 2015 01:05:35.000000000,31.09531083,65.51472579999998,268.9960242,54954.68091295608
Jan 01 2015 01:05:36.000000000,31.16721877,65.51566069999998,269.6898262,55134.34031180346
Jan 01 2015 01:05:37.000000000,31.23911078,65.51660230000002,270.3850577,55307.67777185268
Jan 01 2015 01:05:38.000000000,31.31098682,65.51755059999999,271.08171719999996,55981.817176393364
Jan 01 2015 01:05:39.000000000,31.38284687,65.5185056,271.7798033,56394.83524577277
Jan 01 2015 01:05:40.000000000,31.4546909,65.51946740000002,272.47931439999996,56807.00055577641
Jan 01 2015 01:05:41.000000000,31.52651889,65.52043590000002,273.180249,57218.51223896513
Jan 01 2015 01:05:42.000000000,31.59833081,65.52141119999996,273.8826057,57629.36464037736
Jan 01 2015 01:05:43.000000000,31.67012663,65.5223934,274.5863828,57965.10551269143
Jan 01 2015 01:05:44.000000000,31.74190632,65.5233824,275.291579,58241.47085489692
Jan 01 2015 01:05:45.000000000,31.81366986,65.52437819999997,275.99819260000004,58524.63248930825
Jan 01 2015 01:05:46.000000000,31.88541722,65.52538100000001,276.70622210000005,58808.09900512403
Jan 01 2015 01:05:47.000000000,31.95714838,65.52639069999998,277.4156661,59091.868140261904
Jan 01 2015 01:05:48.000000000,32.02886331,65.52740740000002,278.126523,59375.93765511924
Jan 01 2015 01:05:49.000000000,32.10056197,65.52843109999998,278.8387913,59660.30534015837
Jan 01 2015 01:05:50.000000000,32.17224435,65.52946180000004,279.5524695,59944.96894119183
Jan 01 2015 01:05:51.000000000,32.24391042,65.53049950000002,280.267556,60229.92619303417
Jan 01 2015 01:05:52.000000000,32.31556016,65.53154430000001,280.98404930000004,60515.17492437758
Jan 01 2015 01:05:53.000000000,32.38719353,65.5325963,281.7019479,60800.71300374165
Jan 01 2015 01:05:54.000000000,32.45881051,65.53365530000002,282.4212502,61086.53808892232
Jan 01 2015 01:05:55.000000000,32.53041107,65.53472149999999,283.1419547,61372.64809106281
Jan 01 2015 01:05:56.000000000,32.60199519,65.53579490000001,283.8640599,61659.04082673489
Jan 01 2015 01:05:57.000000000,32.67356284,65.5368756,284.5875643,61932.185384042474
Jan 01 2015 01:05:58.000000000,32.745114,65.5379634,285.3124662,62089.57858157323
Jan 01 2015 01:05:59.000000000,32.81664864,65.5390586,286.03876410000004,62248.72929866571
Jan 01 2015 01:06:00.000000000,32.88816674,65.5401611,286.7664566,62408.89652392632
Jan 01 2015 01:06:01.000000000,32.95966826,65.54127090000003,287.495542,62570.0807265691
Jan 01 2015 01:06:02.000000000,33.03115318,65.54238799999999,288.2260189,62732.28246197307
Jan 01 2015 01:06:03.000000000,33.10262149,65.54351260000001,288.9578855,62895.502155112896
Jan 01 2015 01:06:04.000000000,33.17407314,65.5446446,289.69114049999996,63059.74043077281
Jan 01 2015 01:06:05.000000000,33.24550812,65.545784,290.42578230000004,63224.99774818316
Jan 01 2015 01:06:06.000000000,33.31692641,65.54693089999998,291.1618092,63391.274565659274
Jan 01 2015 01:06:07.000000000,33.38832796,65.54808540000002,291.89921969999995,63558.571473528136
Jan 01 2015 01:06:08.000000000,33.45971277,65.54924739999998,292.6380124,63726.88897699338
Jan 01 2015 01:06:09.000000000,33.53108081,65.55041690000002,293.3781855,63896.227497330256
Jan 01 2015 01:06:10.000000000,33.60243204,65.55159410000002,294.1197376,64066.58766205623
Jan 01 2015 01:06:11.000000000,33.67376645,65.55277889999999,294.8626671,64237.96992266307
Jan 01 2015 01:06:12.000000000,33.74508401,65.55397140000002,295.6069724,64335.45421248695
Jan 01 2015 01:06:13.000000000,33.81638469,65.5551716,296.3526519,64548.92665526366
Jan 01 2015 01:06:14.000000000,33.88766848,65.55637949999999,297.0997041,64675.325789183276
Jan 01 2015 01:06:15.000000000,33.95893534,65.55759520000001,297.84812739999995,64802.938910728466
Jan 01 2015 01:06:16.000000000,34.03018525,65.55881859999997,298.59792020000003,64931.62424378768
Jan 01 2015 01:06:17.000000000,34.10141819,65.5600499,299.349081,65061.38309686212
Jan 01 2015 01:06:18.000000000,34.17263412,65.56128900000002,300.1016082,65192.21675916506
Jan 01 2015 01:06:19.000000000,34.24383304,65.56253610000002,300.85550010000003,65324.12646116366
Jan 01 2015 01:06:20.000000000,34.31501491,65.56379100000001,301.61075530000005,65457.11354187033
Jan 01 2015 01:06:21.000000000,34.3861797,65.56505389999998,302.3673721,65591.17924868934
Jan 01 2015 01:06:22.000000000,34.4573274,65.56632480000002,303.12534889999995,65726.32483789892
Jan 01 2015 01:06:23.000000000,34.52845798,65.5676037,303.8846842,65862.55160619924
Jan 01 2015 01:06:24.000000000,34.59957141,65.5688906,304.6453763,65999.86079851714
Jan 01 2015 01:06:25.000000000,34.67066768,65.5701856,305.4074238,66138.25370983413
Jan 01 2015 01:06:26.000000000,34.74174675,65.5714887,306.17082489999996,66199.34144612533
Jan 01 2015 01:06:27.000000000,34.812808600000004,65.5728,306.93557810000004,66236.81618018461
Jan 01 2015 01:06:28.000000000,34.88385321,65.5741194,307.7016818,66276.86230806823
Jan 01 2015 01:06:29.000000000,34.95488056,65.57544709999999,308.4691344,66318.00293701596
Jan 01 2015 01:06:30.000000000,35.02589062,65.576783,309.2379343,66360.23995719069
Jan 01 2015 01:06:31.000000000,35.09688337,65.57812719999998,310.00808,66403.57523370665
Jan 01 2015 01:06:32.000000000,35.16785877,65.57947960000001,310.77956969999997,66448.01063484728
Jan 01 2015 01:06:33.000000000,35.23881682,65.5808405,311.5524019,66493.54796837307
Jan 01 2015 01:06:34.000000000,35.30975749,65.58220969999999,312.326575,66540.18912880708
Jan 01 2015 01:06:35.000000000,35.38068075,65.5835873,313.10208739999996,66587.93595743162
Jan 01 2015 01:06:36.000000000,35.45158657,65.5849733,313.8789374,66636.79029601565
Jan 01 2015 01:06:37.000000000,35.52247495,65.58636780000003,314.6571236,66686.7539795666
Jan 01 2015 01:06:38.000000000,35.59334584,65.58777090000004,315.4366442,66737.82882035302
Jan 01 2015 01:06:39.000000000,35.66419924,65.58918250000002,316.2174976,66790.0166606615
Jan 01 2015 01:06:40.000000000,35.73503511,65.59060260000001,316.9996822,66803.8137490025
Jan 01 2015 01:06:41.000000000,35.80585343,65.59203140000002,317.7831965,66774.39452367826
Jan 01 2015 01:06:42.000000000,35.87665419,65.59346890000003,318.5680387,66746.17867016318
Jan 01 2015 01:06:43.000000000,35.94743735,65.59491499999999,319.35420739999995,66719.00390939879
Jan 01 2015 01:06:44.000000000,36.01820289,65.59636980000002,320.14170079999997,66692.87234944725
Jan 01 2015 01:06:45.000000000,36.0889508,65.59783340000001,320.9305173,66667.78609062282
Jan 01 2015 01:06:46.000000000,36.15968104,65.59930580000002,321.72065530000003,66643.74727379416
Jan 01 2015 01:06:47.000000000,36.2303936,65.60078700000003,322.5121132,66620.7580167888
Jan 01 2015 01:06:48.000000000,36.30108845,65.60227709999998,323.3048894,66628.59738169241
Jan 01 2015 01:06:49.000000000,36.37176557,65.6037761,324.09898210000006,66634.51663806947
Jan 01 2015 01:06:50.000000000,36.44242494,65.60528399999998,324.89438989999996,66641.4083874466
Jan 01 2015 01:06:51.000000000,36.51306654,65.6068008,325.691111,66649.20327274188
Jan 01 2015 01:06:52.000000000,36.58369034,65.60832669999999,326.4891439,66657.90315060559
Jan 01 2015 01:06:53.000000000,36.65429631,65.60986159999999,327.2884869,66667.50996074981
Jan 01 2015 01:06:54.000000000,36.72488445,65.61140559999998,328.0891383,66631.55847204986
Jan 01 2015 01:06:55.000000000,36.79545472,65.6129588,328.8910966,66577.06852717261
Jan 01 2015 01:06:56.000000000,36.86600711,65.614521,329.69436,66522.82191290632
Jan 01 2015 01:06:57.000000000,36.93654158,65.61609249999998,330.498927,66469.32462691095
Jan 01 2015 01:06:58.000000000,37.00705813,65.61767319999998,331.3047959,66416.57860519813
Jan 01 2015 01:06:59.000000000,37.07755672,65.61926310000001,332.111965,66364.58575705484
Jan 01 2015 01:07:00.000000000,37.14803734,65.6208624,332.9204328,66313.34790894693
Jan 01 2015 01:07:01.000000000,37.21849996,65.62247099999999,333.73019750000003,66262.86700139398
Jan 01 2015 01:07:02.000000000,37.28894456,65.6240889,334.54125760000005,66213.14492437185
Jan 01 2015 01:07:03.000000000,37.35937113,65.62571630000002,335.3536113,66164.18351189136
Jan 01 2015 01:07:04.000000000,37.42977963,65.62735319999996,336.167257,66115.98465702808
Jan 01 2015 01:07:05.000000000,37.50017005,65.62899950000002,336.9821931,66068.5502806003
Jan 01 2015 01:07:06.000000000,37.57054236,65.63065530000003,337.798418,66021.88223723981
Jan 01 2015 01:07:07.000000000,37.64089655,65.6323208,338.61592989999997,65975.98235141751
Jan 01 2015 01:07:08.000000000,37.71123259,65.63399580000001,339.4347272,65903.28738010679
Jan 01 2015 01:07:09.000000000,37.78155046,65.6356805,340.25480830000004,65808.60798222866
Jan 01 2015 01:07:10.000000000,37.85185014,65.6373749,341.07617139999996,65713.76064381882
Jan 01 2015 01:07:11.000000000,37.92213161,65.63907900000001,341.898815,65619.5170923551
Jan 01 2015 01:07:12.000000000,37.99239485,65.64079280000004,342.72273739999997,65525.879118249504
Jan 01 2015 01:07:13.000000000,38.06263983,65.6425165,343.54793689999997,65432.84844305101
Jan 01 2015 01:07:14.000000000,38.13286654,65.64425,344.3744118,65340.426886218476
Jan 01 2015 01:07:15.000000000,38.20307495,65.64599339999998,345.2021606,65248.61617863342
Jan 01 2015 01:07:16.000000000,38.27326504,65.64774669999997,346.0311814,65157.41812354641
Jan 01 2015 01:07:17.000000000,38.3434368,65.64951000000002,346.8614727,65066.83444675044
Jan 01 2015 01:07:18.000000000,38.4135902,65.65128330000002,347.6930328,64976.866927925505
Jan 01 2015 01:07:19.000000000,38.48372522,65.65306669999998,348.52586,64887.517310684554
Jan 01 2015 01:07:20.000000000,38.55384183,65.65486009999998,349.3599526,64798.787403898736
Jan 01 2015 01:07:21.000000000,38.62394003,65.65666370000002,350.195309,64710.678903196706
Jan 01 2015 01:07:22.000000000,38.69401979,65.65847740000001,351.0319275,64605.835653861104
Jan 01 2015 01:07:23.000000000,38.76408109,65.66030130000001,351.8698065,64438.72432092577
Jan 01 2015 01:07:24.000000000,38.8341239,65.6621355,352.7089441,64332.147028491665
Jan 01 2015 01:07:25.000000000,38.90414821,65.66397999999998,353.5493389,64225.84592850558
Jan 01 2015 01:07:26.000000000,38.974154,65.6658349,354.390989,64119.94104985686
Jan 01 2015 01:07:27.000000000,39.04414125,65.66770010000002,355.23389289999994,64014.43389041688
Jan 01 2015 01:07:28.000000000,39.11410993,65.66957569999997,356.07804869999995,63909.32593771315
Jan 01 2015 01:07:29.000000000,39.18406003,65.67146180000003,356.923455,63804.61861159762
Jan 01 2015 01:07:30.000000000,39.25399153,65.6733585,357.77010989999997,63700.3134006771
Jan 01 2015 01:07:31.000000000,39.323904399999996,65.67526559999999,358.6180117,63596.411853515994
Jan 01 2015 01:07:32.000000000,39.39379863,65.67718340000002,359.46715889999996,63492.91533981946
Jan 01 2015 01:07:33.000000000,39.4636742,65.67911180000002,360.3175497,63389.82539138512
Jan 01 2015 01:07:34.000000000,39.53353108,65.6810509,361.16918239999995,63287.14346083878
Jan 01 2015 01:07:35.000000000,39.60336927,65.68300069999998,362.02205530000003,63184.87103764057
Jan 01 2015 01:07:36.000000000,39.67318873,65.6849613,362.8761668,63060.05880316207
Jan 01 2015 01:07:37.000000000,39.74298945,65.6869327,363.7315152,62933.52173431132
Jan 01 2015 01:07:38.000000000,39.812771399999995,65.68891490000001,364.5880987,62805.455443137245
Jan 01 2015 01:07:39.000000000,39.88253458,65.69090809999997,365.44591569999994,62677.688314466424
Jan 01 2015 01:07:40.000000000,39.95227896,65.6929122,366.30496439999996,62550.221989463585
Jan 01 2015 01:07:41.000000000,40.02200451,65.69492730000002,367.1652432,62423.058020436845
Jan 01 2015 01:07:42.000000000,40.09171123,65.6969535,368.0267505,62296.197971317466
Jan 01 2015 01:07:43.000000000,40.16139909,65.69899069999997,368.88948439999996,62169.64350303853
Jan 01 2015 01:07:44.000000000,40.23106807,65.70103909999997,369.7534433,62043.39615129457
Jan 01 2015 01:07:45.000000000,40.30071816,65.7030986,370.6186254,61917.457568308586
Jan 01 2015 01:07:46.000000000,40.37034932,65.70516940000002,371.4850292,61791.82927230889
Jan 01 2015 01:07:47.000000000,40.43996156,65.70725139999999,372.3526528,61666.5129412294
Jan 01 2015 01:07:48.000000000,40.50955484,65.70934480000003,373.2214947,61541.51009897294
Jan 01 2015 01:07:49.000000000,40.57912915,65.71144950000001,374.091553,61416.822419972086
Jan 01 2015 01:07:50.000000000,40.64868447,65.71356560000001,374.96282610000003,61275.59772123444
Jan 01 2015 01:07:51.000000000,40.71822078,65.7156932,375.8353122,61135.590172408825
Jan 01 2015 01:07:52.000000000,40.78773805,65.71783230000003,376.70900980000005,60993.68747897673
Jan 01 2015 01:07:53.000000000,40.85723629,65.71998300000001,377.58391689999996,60852.00211897888
Jan 01 2015 01:07:54.000000000,40.92671545,65.7221452,378.46003210000003,60710.535680313056
Jan 01 2015 01:07:55.000000000,40.99617553,65.7243191,379.3373534,60569.28982332436
Jan 01 2015 01:07:56.000000000,41.06561651,65.72650469999999,380.2158793,60428.26615229776
Jan 01 2015 01:07:57.000000000,41.13503837,65.72870209999996,381.095608,60287.46631283913
Jan 01 2015 01:07:58.000000000,41.20444108,65.73091119999998,381.9765378,60146.89196711567
Jan 01 2015 01:07:59.000000000,41.27382464,65.73313219999997,382.85866699999997,59972.69968768977
Jan 01 2015 01:08:00.000000000,41.34318903,65.7353651,383.74199389999995,59857.53952675241
Jan 01 2015 01:08:01.000000000,41.41253421,65.7376099,384.62651669999997,59740.86801057848
Jan 01 2015 01:08:02.000000000,41.48186019,65.7398667,385.5122338,59624.191143224336
Jan 01 2015 01:08:03.000000000,41.55116694,65.74213560000001,386.3991434,59505.44732920695
Jan 01 2015 01:08:04.000000000,41.62045443,65.74441659999997,387.2872438,59378.01001809892
Jan 01 2015 01:08:05.000000000,41.68972266,65.7467097,388.1765333,59250.06327800525
Jan 01 2015 01:08:06.000000000,41.75897161,65.74901499999999,389.06701019999997,59122.02428903811
Jan 01 2015 01:08:07.000000000,41.82820125,65.75133250000002,389.9586727,58993.89325438358
Jan 01 2015 01:08:08.000000000,41.89741158,65.7536624,390.8515192,58865.67033607024
Jan 01 2015 01:08:09.000000000,41.96660256,65.75600460000001,391.7455478,58737.35574284981
Jan 01 2015 01:08:10.000000000,42.035774200000006,65.75835919999997,392.640757,58608.949616767386
Jan 01 2015 01:08:11.000000000,42.10492645,65.76072620000002,393.53714489999993,58480.452134817926
Jan 01 2015 01:08:12.000000000,42.17405932,65.7631058,394.4347098,58351.86346186131
Jan 01 2015 01:08:13.000000000,42.24317278,65.76549790000004,395.33345,58223.18373773756
Jan 01 2015 01:08:14.000000000,42.31226682,65.76790269999998,396.2333639,58094.41308099556
Jan 01 2015 01:08:15.000000000,42.38134141,65.77032009999999,397.13444960000004,57965.55165245714
Jan 01 2015 01:08:16.000000000,42.45039654,65.77275019999999,398.03670539999996,57836.59957640007
Jan 01 2015 01:08:17.000000000,42.519432200000004,65.7751931,398.94012960000003,57705.171132212134
Jan 01 2015 01:08:18.000000000,42.58844836,65.77764879999998,399.84472039999997,57570.50230467645
Jan 01 2015 01:08:19.000000000,42.65744501,65.78011740000002,400.7504763,57434.84844004221
Jan 01 2015 01:08:20.000000000,42.72642213,65.78259890000001,401.6573953,57298.99435476914
Jan 01 2015 01:08:21.000000000,42.79537971,65.78509350000002,402.5654758,57162.939323451435
Jan 01 2015 01:08:22.000000000,42.86431772,65.78760099999997,403.474716,57026.682612373144
Jan 01 2015 01:08:23.000000000,42.93323616,65.79012169999996,404.3851143,56890.22347847096
Jan 01 2015 01:08:24.000000000,43.002134999999996,65.79265550000002,405.2966688,56753.561180441466
Jan 01 2015 01:08:25.000000000,43.07101422,65.79520260000001,406.20937789999994,56616.69492667385
Jan 01 2015 01:08:26.000000000,43.13987382,65.79776290000001,407.1232397,56479.62396296209
Jan 01 2015 01:08:27.000000000,43.20871377,65.80033650000001,408.0382527,56342.34743044098
Jan 01 2015 01:08:28.000000000,43.27753406,65.80292349999999,408.95441489999996,56204.86457146532
Jan 01 2015 01:08:29.000000000,43.34633467,65.80552400000002,409.87172480000004,56067.17450394283
Jan 01 2015 01:08:30.000000000,43.41511558,65.80813790000002,410.7901805,55929.27638970576
Jan 01 2015 01:08:31.000000000,43.48387679,65.81076540000001,411.70978030000003,55788.56218061411
Jan 01 2015 01:08:32.000000000,43.55261826,65.81340649999999,412.6305225,55648.02785514328
Jan 01 2015 01:08:33.000000000,43.62133999,65.8160613,413.55240530000003,55505.84438381294
Jan 01 2015 01:08:34.000000000,43.69004195,65.8187298,414.475427,55363.30666607542
Jan 01 2015 01:08:35.000000000,43.75872414,65.82141209999997,415.3995859,55214.14692837727
Jan 01 2015 01:08:36.000000000,43.82738654,65.82410819999998,416.3248802,55078.236678297704
Jan 01 2015 01:08:37.000000000,43.89602913,65.82681819999999,417.2513081,54940.107044690194
Jan 01 2015 01:08:38.000000000,43.96465189,65.82954219999999,418.178868,54801.26345532146
Jan 01 2015 01:08:39.000000000,44.03325481,65.83228030000004,419.107558,54661.70398878741
Jan 01 2015 01:08:40.000000000,44.10183787,65.83503239999999,420.0373765,54521.426609241935
Jan 01 2015 01:08:41.000000000,44.17040106,65.83779860000001,420.9683216,54380.429359390044
Jan 01 2015 01:08:42.000000000,44.23894436,65.84057909999999,421.90039169999994,54238.710206316166
Jan 01 2015 01:08:43.000000000,44.30746776,65.8433738,422.83358499999997,54096.26710922796
Jan 01 2015 01:08:44.000000000,44.37597123,65.8461829,423.76789969999993,53953.0980325035
Jan 01 2015 01:08:45.000000000,44.44445477,65.84900630000001,424.7033341,53806.31561183746
Jan 01 2015 01:08:46.000000000,44.51291836,65.85184419999999,425.63988650000005,53661.89963055028
Jan 01 2015 01:08:47.000000000,44.58136198,65.85469660000001,426.57755499999996,53514.64312985156
Jan 01 2015 01:08:48.000000000,44.64978562,65.85756359999999,427.51633799999996,53366.544270618026
Jan 01 2015 01:08:49.000000000,44.71818925,65.86044520000002,428.45623370000004,53217.601389358075
Jan 01 2015 01:08:50.000000000,44.78657288,65.86334159999998,429.3972404,53067.8128435992
Jan 01 2015 01:08:51.000000000,44.85493648,65.86625269999999,430.3393562,52917.17695747943
Jan 01 2015 01:08:52.000000000,44.92328003,65.8691786,431.2825795,52765.692010869665
Jan 01 2015 01:08:53.000000000,44.99160352,65.8721194,432.2269085,52613.356321913605
Jan 01 2015 01:08:54.000000000,45.05990694,65.8750752,433.17234129999997,52460.168218249484
Jan 01 2015 01:08:55.000000000,45.12819027,65.87804599999998,434.1188764,52306.12591229534
Jan 01 2015 01:08:56.000000000,45.1964535,65.88103190000001,435.0665119,52151.22770829621
Jan 01 2015 01:08:57.000000000,45.2646966,65.88403300000002,436.0152461,51995.47184082616
Jan 01 2015 01:08:58.000000000,45.33291958,65.88704930000003,436.9650772,51838.85657332245
Jan 01 2015 01:08:59.000000000,45.4011224,65.89008080000002,437.9160034,51679.03003879931
Jan 01 2015 01:09:00.000000000,45.46930506,65.8931278,438.8680231000001,51523.62883724536
Jan 01 2015 01:09:01.000000000,45.53746754,65.89619010000001,439.82113439999995,51364.74599318435
Jan 01 2015 01:09:02.000000000,45.60560982,65.899268,440.77533560000006,51204.95836524479
Jan 01 2015 01:09:03.000000000,45.67373189999999,65.90236140000002,441.7306249,51044.26485923774
Jan 01 2015 01:09:04.000000000,45.74183375,65.90547039999998,442.68700060000003,50882.66435064269
Jan 01 2015 01:09:05.000000000,45.80991537,65.90859509999999,443.6444609,50720.15575323411
Jan 01 2015 01:09:06.000000000,45.87797673,65.91173560000001,444.603004,50556.737956386096
Jan 01 2015 01:09:07.000000000,45.94601783,65.91489199999998,445.5626283,50392.40982188145
Jan 01 2015 01:09:08.000000000,46.01403865,65.9180642,446.5233319,50227.17024967581
Jan 01 2015 01:09:09.000000000,46.08203917,65.92125240000001,447.4851131,50061.01810852259
Jan 01 2015 01:09:10.000000000,46.15001938,65.92445660000001,448.44797,49893.952303754166
Jan 01 2015 01:09:11.000000000,46.21797927,65.92767699999999,449.41190109999997,49725.97165723291
